{"loss_data": [2.4398651123046875, 1.8699347972869873, 1.6396955251693726, 1.4289584159851074, 1.1321330070495605, 0.8871064186096191, 0.7357869148254395, 0.5388098955154419, 0.45435139536857605, 0.38835135102272034, 0.3825562298297882, 0.31189578771591187, 0.27263039350509644, 0.25475990772247314, 0.2150014042854309, 0.1640874296426773, 0.15868628025054932, 0.14379817247390747, 0.10531057417392731, 0.11217961460351944], "train_accs": [0.5840149965916837, 0.893490115882754], "dev_accs": [0.5930470347648262, 0.8994546693933198], "test_accs": [0.0, 0.0002595380223202699]}