{"loss_data": [3.5177958011627197, 2.0076448917388916, 1.7095363140106201, 1.4297764301300049, 1.1574658155441284, 0.9010778665542603, 0.7750043869018555, 0.6314805150032043, 0.5043681263923645, 0.42494091391563416, 0.4179428815841675, 0.36147910356521606, 0.31476128101348877, 0.24216468632221222, 0.19213855266571045, 0.17111100256443024, 0.15525390207767487, 0.12382138520479202, 0.11005101352930069, 0.10477706789970398], "train_accs": [0.8340149965916837, 1.0], "dev_accs": [0.8445807770961146, 1.0], "test_accs": [0.0, 0.01959512068518038]}