{"loss_data": [2.3788774013519287, 1.871622920036316, 1.562349796295166, 1.2781890630722046, 0.9089266061782837, 0.7431283593177795, 0.5649335980415344, 0.44230127334594727, 0.353116512298584, 0.29156923294067383, 0.2637213170528412, 0.214172825217247, 0.19649885594844818, 0.15876151621341705, 0.13700509071350098, 0.12172789126634598, 0.12811146676540375, 0.0897848829627037, 0.09252135455608368, 0.06517375260591507], "train_accs": [0.9648943421949557, 0.9992331288343558], "dev_accs": [0.9645535105657805, 0.9993183367416496], "test_accs": [0.03944977939268103, 0.22333246820659228]}