{"loss_data": [2.9153928756713867, 2.273589849472046, 1.8881596326828003, 1.632380485534668, 1.3056895732879639, 0.9610792398452759, 0.7717097401618958, 0.6350380778312683, 0.5027183294296265, 0.42308923602104187, 0.40261542797088623, 0.3412962257862091, 0.31757405400276184, 0.28252241015434265, 0.22527258098125458, 0.18630726635456085, 0.19220063090324402, 0.16371449828147888, 0.13393591344356537, 0.12719574570655823], "train_accs": [0.5754089979550102, 1.0], "dev_accs": [0.4219495569188821, 1.0], "test_accs": [0.0, 0.0027251492343628343]}