{"loss_data": [2.9486727714538574, 1.9179956912994385, 1.7289754152297974, 1.5942578315734863, 1.2856221199035645, 0.992973804473877, 0.8200361728668213, 0.632818341255188, 0.49381136894226074, 0.4178490936756134, 0.4136280119419098, 0.30382058024406433, 0.26605477929115295, 0.22389398515224457, 0.18193095922470093, 0.15867960453033447, 0.1451484113931656, 0.14926812052726746, 0.0894540548324585, 0.10527411848306656], "train_accs": [0.881305385139741, 1.0], "dev_accs": [0.8646898432174506, 1.0], "test_accs": [0.010251751881650662, 0.059304438100181676]}