{"loss_data": [2.5696544647216797, 1.8050816059112549, 1.4952503442764282, 1.2207581996917725, 0.9428465366363525, 0.6772040128707886, 0.4839305877685547, 0.4197012186050415, 0.3009923994541168, 0.2372189462184906, 0.2244374006986618, 0.18913142383098602, 0.15985526144504547, 0.14462904632091522, 0.12880617380142212, 0.10223183035850525, 0.10303893685340881, 0.09070946276187897, 0.07708298414945602, 0.07168146222829819], "train_accs": [0.895109066121336, 0.9998295841854125], "dev_accs": [0.9032038173142468, 1.0], "test_accs": [0.0, 0.06566311964702828]}