{"loss_data": [3.029470205307007, 1.8798553943634033, 1.6906496286392212, 1.4580672979354858, 1.0651776790618896, 0.8175904750823975, 0.6438292264938354, 0.5141410827636719, 0.4233855903148651, 0.3709847927093506, 0.3722875416278839, 0.35498782992362976, 0.2523121237754822, 0.2374318242073059, 0.20525160431861877, 0.17726647853851318, 0.14026473462581635, 0.13473498821258545, 0.10635094344615936, 0.11226022988557816], "train_accs": [0.8841172460804363, 1.0], "dev_accs": [0.89093387866394, 1.0], "test_accs": [0.0, 0.0005190760446405398]}