{"loss_data": [3.042227029800415, 1.990086555480957, 1.7629872560501099, 1.578141212463379, 1.2159364223480225, 1.0275421142578125, 0.7655836343765259, 0.5697832107543945, 0.4301753044128418, 0.3437230587005615, 0.3098743259906769, 0.2534520924091339, 0.21145911514759064, 0.20123618841171265, 0.16814802587032318, 0.13128337264060974, 0.1136886402964592, 0.12083571404218674, 0.08782630413770676, 0.06791779398918152], "train_accs": [0.9753749147920927, 0.9999147920927062], "dev_accs": [0.8660531697341514, 0.9124062713019768], "test_accs": [0.006877757591487153, 0.0011679211004412147]}