{"loss_data": [2.1218466758728027, 1.6277368068695068, 1.2020421028137207, 0.9228947758674622, 0.6828771829605103, 0.5085278749465942, 0.4170880913734436, 0.34462815523147583, 0.286662220954895, 0.24420899152755737, 0.20711539685726166, 0.17906895279884338, 0.15926097333431244, 0.1254982352256775, 0.12211421132087708, 0.08541237562894821, 0.10577745735645294, 0.07088148593902588, 0.06619852036237717, 0.0655258297920227], "train_accs": [0.9891785957736878, 0.9952283571915473], "dev_accs": [0.9884117246080436, 0.9938650306748467], "test_accs": [0.014274591227614845, 0.01907604464053984]}