{"loss_data": [2.381141424179077, 1.9035886526107788, 1.570842981338501, 1.3437190055847168, 0.9743562340736389, 0.7044117450714111, 0.5407609939575195, 0.47712796926498413, 0.3822837769985199, 0.2736835181713104, 0.2988232672214508, 0.25076231360435486, 0.2116604596376419, 0.19704854488372803, 0.16332612931728363, 0.12713563442230225, 0.13306750357151031, 0.11463268846273422, 0.09476408362388611, 0.07550560683012009], "train_accs": [0.889229720518064, 1.0], "dev_accs": [0.9832992501704159, 1.0], "test_accs": [0.0015572281339216196, 0.03425901894627563]}