{"loss_data": [3.173370122909546, 2.6668777465820312, 2.4157469272613525, 2.033336639404297, 1.6946099996566772, 1.4839818477630615, 1.1957597732543945, 1.0232970714569092, 0.8826313018798828, 0.6893552541732788, 0.7387089729309082, 0.6759306788444519, 0.5824995636940002, 0.4523986577987671, 0.40357181429862976, 0.38946667313575745, 0.372266560792923, 0.2733939290046692, 0.2685602605342865, 0.22463886439800262], "train_accs": [0.6768064076346285, 0.9994035446489434], "dev_accs": [0.5443081117927744, 0.9498977505112475], "test_accs": [0.0, 0.1139371917985985]}