{"loss_data": [2.837012767791748, 2.023686647415161, 1.7666734457015991, 1.447304606437683, 1.11262047290802, 0.8764542937278748, 0.7322622537612915, 0.5865510106086731, 0.48144736886024475, 0.3676478862762451, 0.38012850284576416, 0.2789124548435211, 0.2599693238735199, 0.21660998463630676, 0.21700651943683624, 0.17331205308437347, 0.15256884694099426, 0.11934448033571243, 0.11692432314157486, 0.1111576110124588], "train_accs": [0.8866734832992502, 0.8984321745057942], "dev_accs": [0.8933197000681663, 0.9062713019768235], "test_accs": [0.0, 0.0]}