{"loss_data": [2.8720569610595703, 2.008683443069458, 1.6389241218566895, 1.331809639930725, 1.003204584121704, 0.763437032699585, 0.6160922646522522, 0.4918249249458313, 0.3758001923561096, 0.30043718218803406, 0.26529788970947266, 0.2113010287284851, 0.20577184855937958, 0.1719655990600586, 0.15817251801490784, 0.1266004890203476, 0.1112341582775116, 0.0872754454612732, 0.08546270430088043, 0.07948395609855652], "train_accs": [0.8901670074982958, 1.0], "dev_accs": [0.8899113837764144, 0.9996591683708248], "test_accs": [0.0, 0.03425901894627563]}