{"loss_data": [2.646801233291626, 1.8624128103256226, 1.5762016773223877, 1.2499728202819824, 0.9593368172645569, 0.8009936213493347, 0.6593624353408813, 0.5250824689865112, 0.4069908857345581, 0.3377184569835663, 0.3196193277835846, 0.2345178723335266, 0.2095584124326706, 0.1624000072479248, 0.1586756855249405, 0.12443625181913376, 0.11728928983211517, 0.11294148862361908, 0.09709557145833969, 0.07839842140674591], "train_accs": [0.8874403544648943, 0.9977845944103613], "dev_accs": [0.7975460122699386, 0.9976141785957737], "test_accs": [0.011419672982091877, 0.06099143524526343]}