{"loss_data": [3.6143057346343994, 1.8470120429992676, 1.869418740272522, 1.529329776763916, 1.0657843351364136, 0.9399743676185608, 0.7631745338439941, 0.7447821497917175, 0.7348805665969849, 0.7240809202194214, 0.6206963658332825, 0.6893799901008606, 0.6527559161186218, 0.6326412558555603, 0.5916723608970642, 0.5486071109771729, 0.48132553696632385, 0.5335254073143005, 0.5595532059669495, 0.5233602523803711, 0.4914237856864929, 0.46866855025291443, 0.4389668405056, 0.43859368562698364, 0.36705222725868225, 0.42322784662246704, 0.3993188142776489, 0.40591657161712646, 0.3672831952571869, 0.371257483959198, 0.39634647965431213, 0.3483116328716278, 0.3435666263103485, 0.349055677652359, 0.3000474274158478, 0.3526923954486847, 0.3016522526741028, 0.3424866199493408, 0.2866259515285492, 0.31194424629211426, 0.3101436495780945, 0.27021971344947815, 0.24593284726142883, 0.2986949384212494, 0.28193917870521545, 0.23206950724124908, 0.29739800095558167, 0.25435516238212585, 0.24811063706874847, 0.21540045738220215, 0.21821816265583038, 0.20156905055046082, 0.2306237369775772, 0.21557490527629852, 0.18680639564990997, 0.1975698322057724, 0.24038568139076233, 0.17397870123386383, 0.25369787216186523, 0.19960573315620422, 0.19048786163330078, 0.17345520853996277, 0.19352857768535614, 0.1988823562860489, 0.14748544991016388, 0.1922474056482315, 0.19214241206645966, 0.12232541292905807, 0.15183821320533752, 0.14265047013759613, 0.14005300402641296, 0.14629524946212769, 0.12181486189365387, 0.13416656851768494, 0.13580401241779327, 0.1359042376279831, 0.16768407821655273, 0.09702768921852112, 0.11887793987989426, 0.1012873724102974, 0.14124621450901031, 0.07326386123895645, 0.10325925797224045, 0.0944783166050911, 0.09876509010791779, 0.0884803906083107, 0.1025313213467598, 0.07819649577140808, 0.10374876111745834, 0.08283776044845581, 0.0843406617641449, 0.0872766375541687, 0.10951543599367142, 0.07556460797786713, 0.08424558490514755, 0.11641345918178558, 0.06451985239982605, 0.10119162499904633, 0.049971289932727814, 0.06894808262586594, 0.1071876510977745, 0.04865746945142746, 0.04991637170314789, 0.10098753124475479, 0.08655352145433426, 0.06477417051792145, 0.05442577227950096, 0.0652664452791214, 0.06689713895320892, 0.05216649919748306, 0.058228567242622375, 0.04848825931549072, 0.05982019752264023, 0.05842971429228783, 0.04892929643392563, 0.04443291202187538, 0.07525555044412613, 0.03808759152889252, 0.03340549021959305, 0.1089850440621376], "train_accs": [[0.27576675003290774, 0.7594060783086446], [0.2716991057338243, 0.8037067946310592], [0.32359520989603896, 0.8483378538145907], [0.32896825396825397, 0.8765155203189837], [0.37270341207349084, 0.9107842455432691], [0.41075184016824395, 0.9359250759209031], [0.5057350032959789, 0.9563947423325684], [0.5332896461336828, 0.9638941048288012], [0.6287362349239644, 0.9740188237475949], [0.6267697954902989, 0.974627350070705], [0.8054398750650703, 0.9891160720495167], [0.7133315872184389, 0.982016598279899]], "dev_accs": [[0.17861975642760486, 0.7333884943345055], [0.17726657645466848, 0.7905031142981912], [0.2584573748308525, 0.8340343377232297], [0.2530446549391069, 0.8453193592130364], [0.2598105548037889, 0.8688317359626744], [0.2625169147496617, 0.9015376129076743], [0.37347767253044656, 0.9293249672481556], [0.4465493910690122, 0.901583580408651], [0.5182679296346414, 0.9145693994345997], [0.5290933694181326, 0.9297846422579237], [0.6562922868741543, 0.9519179939782574], [0.5548037889039242, 0.9439196488082925]], "test_accs": [[0.03176861071597914, 0.5206910126670218], [0.03793266951161688, 0.5421191981412439], [0.04030346135609293, 0.5662027495387846], [0.02275960170697013, 0.588209866536986], [0.04030346135609293, 0.6018340550679666], [0.06353722143195828, 0.5928876332507391], [0.07396870554765292, 0.600560405715212], [0.0431484115694642, 0.5818261815992405], [0.04883831199620673, 0.5848597827848923], [0.04836415362731152, 0.5968784012227034], [0.07918444760550024, 0.5833777180835051], [0.07302038880986249, 0.5838794587376205]]}