{"loss_data": [3.817837715148926, 1.8316986560821533, 1.5915738344192505, 1.0555301904678345, 0.9783995747566223, 0.8902859091758728, 0.7770987749099731, 0.8064224123954773, 0.7901483774185181, 0.7137279510498047, 0.6396976709365845, 0.6633573770523071, 0.6185543537139893, 0.5611802935600281, 0.507327139377594, 0.5056929588317871, 0.5180191397666931, 0.5164169073104858, 0.44660627841949463, 0.4860142171382904, 0.4402555525302887, 0.44252893328666687, 0.43318673968315125, 0.42861267924308777, 0.36548253893852234, 0.39930427074432373, 0.36118224263191223, 0.39383503794670105, 0.36992114782333374, 0.41911301016807556, 0.3933153748512268, 0.3401847779750824, 0.34423190355300903, 0.34779807925224304, 0.320320725440979, 0.3507578372955322, 0.3629733622074127, 0.38828593492507935, 0.31926229596138, 0.2959292531013489, 0.29047685861587524, 0.28348517417907715, 0.25992169976234436, 0.3658047020435333, 0.28438296914100647, 0.26942670345306396, 0.298687607049942, 0.2851295471191406, 0.2699693739414215, 0.22704708576202393, 0.2757432460784912, 0.23935149610042572, 0.25252145528793335, 0.2449730783700943, 0.219364196062088, 0.2715342938899994, 0.2294284999370575, 0.19442333281040192, 0.21040815114974976, 0.23947641253471375, 0.19002051651477814, 0.18320626020431519, 0.20729751884937286, 0.20194409787654877, 0.1410854458808899, 0.16580955684185028, 0.1523432582616806, 0.12687291204929352, 0.17944306135177612, 0.1336807906627655, 0.16248025000095367, 0.1459237039089203, 0.12900371849536896, 0.0970674604177475, 0.16193775832653046, 0.1383037269115448, 0.08691021800041199, 0.11243783682584763, 0.09618332237005234, 0.1290234625339508, 0.11579953134059906, 0.1343526691198349, 0.1274319589138031, 0.07477658241987228, 0.08684586733579636, 0.08024432510137558, 0.09088205546140671, 0.06287994235754013, 0.09472031146287918, 0.07188373804092407, 0.09157204627990723, 0.0672493427991867, 0.059760935604572296, 0.06864094734191895, 0.07323559373617172, 0.06563188135623932, 0.06748832762241364, 0.07457053661346436, 0.06853075325489044, 0.052739594131708145, 0.06378354132175446, 0.06485278904438019, 0.08007644861936569, 0.06284163892269135, 0.05004504695534706, 0.08776714652776718, 0.0721554309129715, 0.06473669409751892, 0.04353371635079384, 0.06104385107755661, 0.0890643373131752, 0.06439957767724991, 0.05962285399436951, 0.03648649528622627, 0.049863189458847046, 0.0742388442158699, 0.0365353487432003, 0.09128400683403015, 0.04516489803791046, 0.031967777758836746], "train_accs": [[0.28603396077398974, 0.7492581774346848], [0.3106259863229879, 0.8162830053086677], [0.3255691538360311, 0.8422699770498644], [0.36917989417989416, 0.8779643925168649], [0.4272965879265092, 0.9041947747873056], [0.45425867507886436, 0.9347080232746829], [0.47699406723796967, 0.9506050490298352], [0.6326343381389253, 0.9735841620882305], [0.6482695332983744, 0.9759139485824234], [0.7410854745673833, 0.9845608178593782], [0.7645757418011453, 0.9863748058511255], [0.8778156102671556, 0.9938683728585669]], "dev_accs": [[0.19079837618403248, 0.7287457767358477], [0.21109607577807848, 0.7884345767542348], [0.2787550744248985, 0.8187271598979522], [0.2503382949932341, 0.8474798317589465], [0.3017591339648173, 0.8671769059275093], [0.33152909336941816, 0.8969178790595049], [0.40460081190798375, 0.9063642005102392], [0.5196211096075778, 0.9301983497667149], [0.6102841677943166, 0.931508423544554], [0.618403247631935, 0.9429313475372911], [0.6400541271989174, 0.947298260130088], [0.6711772665764547, 0.9427704612838723]], "test_accs": [[0.03224276908487435, 0.4664644265876232], [0.02844950213371266, 0.485183212529622], [0.08724513987671882, 0.47340388578838893], [0.0820293978188715, 0.48343869887069757], [0.10099573257467995, 0.5293518282657528], [0.07681365576102418, 0.585191703525307], [0.08961593172119488, 0.570394213772395], [0.10478899952584163, 0.580753228508132], [0.10621147463252727, 0.6144470432037299], [0.11142721669037459, 0.5795336127642823], [0.09720246562351825, 0.5881326756671221], [0.10905642484589853, 0.585508186091749]]}