{"loss_data": [2.974425792694092, 2.6013851165771484, 2.397948980331421, 2.1663434505462646, 1.8680272102355957, 1.6061574220657349, 1.3704181909561157, 1.1291601657867432, 0.9306561946868896, 0.8184790015220642, 0.8076034188270569, 0.6231551766395569, 0.5836991667747498, 0.5306039452552795, 0.43068185448646545, 0.3792707920074463, 0.3280923664569855, 0.2845684885978699, 0.2561168968677521, 0.22559002041816711], "train_accs": [0.5840149965916837, 0.9965064758009543], "dev_accs": [0.5572597137014315, 0.9850034083162917], "test_accs": [0.006358681546846613, 0.06449519854658707]}