{"loss_data": [2.9134936332702637, 2.004063129425049, 1.8581970930099487, 1.7603392601013184, 1.4666796922683716, 1.179058313369751, 0.8363715410232544, 0.704704761505127, 0.5069331526756287, 0.40930312871932983, 0.3831998407840729, 0.2957284152507782, 0.2648243308067322, 0.24174998700618744, 0.1985493302345276, 0.17371243238449097, 0.14221009612083435, 0.12569360435009003, 0.12250981479883194, 0.08345002681016922], "train_accs": [0.7399454669393319, 0.9974437627811861], "dev_accs": [0.7532379004771643, 0.9986366734832992], "test_accs": [0.0002595380223202699, 0.0185569685958993]}