{"loss_data": [2.558279514312744, 1.8976659774780273, 1.6907671689987183, 1.4190016984939575, 1.0688599348068237, 0.8564934730529785, 0.7331057190895081, 0.5479696393013, 0.44667842984199524, 0.35981297492980957, 0.3391835689544678, 0.25356656312942505, 0.2537299394607544, 0.20155413448810577, 0.14983072876930237, 0.14081311225891113, 0.11749976873397827, 0.114590123295784, 0.09553380310535431, 0.06458647549152374], "train_accs": [0.7891956373551465, 1.0], "dev_accs": [0.792774369461486, 0.9996591683708248], "test_accs": [0.0, 0.15689073449260316]}