{"loss_data": [3.124572277069092, 2.085766315460205, 1.8519561290740967, 1.6446131467819214, 1.397875428199768, 1.168606162071228, 1.0142585039138794, 0.7883394360542297, 0.692189633846283, 0.5080588459968567, 0.5186917781829834, 0.3707873821258545, 0.34249991178512573, 0.27622467279434204, 0.2473081797361374, 0.18699823319911957, 0.1701696664094925, 0.14625856280326843, 0.1282615065574646, 0.11499707400798798], "train_accs": [0.5149965916837083, 0.9981254260395365], "dev_accs": [0.4832992501704158, 0.9124062713019768], "test_accs": [0.007267064624967558, 0.013625746171814172]}