{"loss_data": [3.4566009044647217, 2.809378147125244, 2.539990186691284, 2.3477306365966797, 2.141594648361206, 1.903396487236023, 1.6476885080337524, 1.3687201738357544, 1.1334562301635742, 0.9576232433319092, 0.9216779470443726, 0.7643557190895081, 0.6893815398216248, 0.5891464352607727, 0.4725194275379181, 0.42379358410835266, 0.3880763649940491, 0.31839337944984436, 0.29285794496536255, 0.2601988613605499], "train_accs": [0.6724608043626449, 1.0], "dev_accs": [0.42024539877300615, 0.9529652351738241], "test_accs": [0.0, 0.0016869971450817545]}