{"loss_data": [2.806673526763916, 1.9443128108978271, 1.5324246883392334, 1.1796821355819702, 0.9405755400657654, 0.7735456824302673, 0.6462397575378418, 0.5937907695770264, 0.4372231960296631, 0.352085143327713, 0.3294086456298828, 0.2783840298652649, 0.2701875865459442, 0.23165835440158844, 0.21035325527191162, 0.14870229363441467, 0.1474149227142334, 0.11302399635314941, 0.12777911126613617, 0.10216876119375229], "train_accs": [0.6068507157464212, 0.989519427402863], "dev_accs": [0.5180640763462849, 0.9839809134287661], "test_accs": [0.044121463794445884, 0.12172333246820659]}