{"loss_data": [3.2973644733428955, 2.7999393939971924, 2.6436045169830322, 2.3955376148223877, 2.056837558746338, 1.6698579788208008, 1.3169926404953003, 1.0682278871536255, 0.8403971791267395, 0.749459981918335, 0.7045254707336426, 0.5444810390472412, 0.4781114161014557, 0.41551950573921204, 0.3677455484867096, 0.2852284908294678, 0.2752077877521515, 0.2361212819814682, 0.20225250720977783, 0.19539640843868256], "train_accs": [0.9641274710293115, 1.0], "dev_accs": [0.867416496250852, 0.9996591683708248], "test_accs": [0.478847651180898, 0.6031663638723073]}