{"loss_data": [2.6599440574645996, 1.9651203155517578, 1.6607633829116821, 1.3879674673080444, 1.075090765953064, 0.8797325491905212, 0.6927475929260254, 0.5302325487136841, 0.42534172534942627, 0.325971394777298, 0.3155435621738434, 0.27367597818374634, 0.2327168583869934, 0.2019936889410019, 0.1723535656929016, 0.13614167273044586, 0.10867244005203247, 0.09985104203224182, 0.09448187053203583, 0.08787956088781357], "train_accs": [0.6515848670756647, 0.9971881390593047], "dev_accs": [0.578050443081118, 0.9972733469665985], "test_accs": [0.0, 0.022060731897222942]}