{"loss_data": [2.524768114089966, 1.8486648797988892, 1.8725451231002808, 1.8480215072631836, 1.7120047807693481, 1.4275480508804321, 1.0615025758743286, 0.9273437261581421, 0.8753066062927246, 0.7776463031768799, 0.7012448906898499, 0.7792556881904602, 0.7551999092102051, 0.7487095594406128, 0.6954002976417542, 0.6826044321060181, 0.6342570185661316, 0.689443051815033, 0.6874083876609802, 0.6426364779472351, 0.5927823781967163, 0.5830183029174805, 0.5268326997756958, 0.5611995458602905, 0.5167021155357361, 0.49986764788627625, 0.48399513959884644, 0.4803677201271057, 0.43777593970298767, 0.41341346502304077, 0.43616583943367004, 0.44182950258255005, 0.45375749468803406, 0.39820849895477295, 0.4074167013168335, 0.40022340416908264, 0.39933180809020996, 0.4373105764389038, 0.3729493319988251, 0.3349609673023224, 0.3437858819961548, 0.33976900577545166, 0.30641067028045654, 0.36353033781051636, 0.3147408366203308, 0.29191407561302185, 0.324585884809494, 0.3296530842781067, 0.3460927903652191, 0.2800064980983734, 0.3536513149738312, 0.26247286796569824, 0.2933816909790039, 0.320295512676239, 0.2503841519355774, 0.2528934180736542, 0.28597310185432434, 0.27582690119743347, 0.24394018948078156, 0.22430536150932312, 0.23767367005348206, 0.2127961665391922, 0.24590784311294556, 0.257660448551178, 0.19866564869880676, 0.20538564026355743, 0.235773503780365, 0.19818982481956482, 0.17696934938430786, 0.1650889366865158, 0.1634770631790161, 0.17795805633068085, 0.16087669134140015, 0.16623207926750183, 0.17114432156085968, 0.203556090593338, 0.18675941228866577, 0.15151983499526978, 0.13957661390304565, 0.12714338302612305, 0.14328379929065704, 0.10863618552684784, 0.1881484091281891, 0.1493520438671112, 0.14148326218128204, 0.11566857993602753, 0.1684163212776184, 0.10690795630216599, 0.1434805691242218, 0.08455528318881989, 0.11992374062538147, 0.12661652266979218, 0.10749834030866623, 0.1616244912147522, 0.1258464753627777, 0.10182923078536987, 0.13126595318317413, 0.14732177555561066, 0.07951273024082184, 0.08874030411243439, 0.12219076603651047, 0.09190481901168823, 0.09255418181419373, 0.09977925568819046, 0.10771957039833069, 0.09986589103937149, 0.07821156829595566, 0.10227428376674652, 0.06371724605560303, 0.10508174449205399, 0.10055096447467804, 0.05359216406941414, 0.09647266566753387, 0.07386496663093567, 0.08265769481658936, 0.04579267278313637, 0.05370981991291046, 0.0616428479552269, 0.08385887742042542, 0.08854170888662338], "train_accs": [[0.2594445175727261, 0.7358937802814289], [0.291951604418727, 0.7784906228991353], [0.3106987761547572, 0.8239040730695227], [0.33161375661375664, 0.8584509817558013], [0.34278215223097114, 0.8709170781463709], [0.42008412197686645, 0.920381574982034], [0.44535266974291365, 0.93884020678304], [0.5702490170380079, 0.9571829288082156], [0.6068432092291557, 0.9677770823191228], [0.6303093864708967, 0.9740014372812204], [0.6880530973451328, 0.980162041866611], [0.7269512833944474, 0.9845318404154206]], "dev_accs": [[0.17861975642760486, 0.7242639453906088], [0.23004059539918809, 0.7640718012365257], [0.23004059539918809, 0.8042014295892804], [0.2543978349120433, 0.8340803052242065], [0.27604871447902574, 0.8307246776528994], [0.30581867388362655, 0.8889195338895401], [0.38294993234100133, 0.899423107862741], [0.42219215155615697, 0.9285435197315498], [0.4776725304465494, 0.934749132363419], [0.4614343707713126, 0.9293709347491323], [0.5548037889039242, 0.9448619825783171], [0.6116373477672531, 0.9452756900871084]], "test_accs": [[0.021337126600284494, 0.3995090660676655], [0.002370791844476055, 0.34579193972936884], [0.0431484115694642, 0.29582628966645824], [0.039355144618302515, 0.41468479108291073], [0.036510194404931244, 0.47726342928158455], [0.05405405405405406, 0.46440343036225673], [0.05689900426742532, 0.4262557024755112], [0.07302038880986249, 0.4149781163883936], [0.06211474632527264, 0.38965951107303026], [0.03556187766714083, 0.39329520104362053], [0.07112375533428165, 0.3750318412338189], [0.06306306306306306, 0.39709299184092506]]}