{"loss_data": [2.31036376953125, 1.8109937906265259, 1.4412660598754883, 1.1008883714675903, 0.7764920592308044, 0.6087358593940735, 0.452235609292984, 0.37463176250457764, 0.3059350252151489, 0.2403922975063324, 0.24034923315048218, 0.21203437447547913, 0.1817130446434021, 0.13949763774871826, 0.12213035672903061, 0.11065229773521423, 0.09635361284017563, 0.07621091604232788, 0.07335606962442398, 0.055431682616472244], "train_accs": [0.9998295841854125, 1.0], "dev_accs": [0.9124062713019768, 1.0], "test_accs": [0.019335582662860108, 0.24098105372437062]}