{"loss_data": [2.8567428588867188, 2.5765862464904785, 2.2980501651763916, 2.03139591217041, 1.7114237546920776, 1.4624658823013306, 1.215983510017395, 1.025490403175354, 0.8961538672447205, 0.7182218432426453, 0.6791741251945496, 0.5715910792350769, 0.5025501251220703, 0.42675334215164185, 0.35356605052948, 0.3110802173614502, 0.3023851811885834, 0.2337988317012787, 0.2088085412979126, 0.19385766983032227], "train_accs": [0.7305725971370143, 1.0], "dev_accs": [0.7900477164280846, 0.9959100204498977], "test_accs": [0.2767973008045679, 0.8000259538022321]}