{"loss_data": [3.400019884109497, 2.851191282272339, 2.7044360637664795, 2.30865478515625, 1.9510512351989746, 1.6435922384262085, 1.3557593822479248, 1.1436020135879517, 0.9571437239646912, 0.8154973983764648, 0.794523298740387, 0.6486659049987793, 0.547792911529541, 0.4966999590396881, 0.41307303309440613, 0.3332373797893524, 0.3019806742668152, 0.2755575180053711, 0.22118115425109863, 0.19457918405532837], "train_accs": [0.8593217450579413, 1.0], "dev_accs": [0.7839127471029311, 1.0], "test_accs": [0.36685699454970155, 0.4454970153127433]}