{"loss_data": [3.0500669479370117, 2.511629819869995, 2.2584879398345947, 1.983656644821167, 1.6562490463256836, 1.4065788984298706, 1.2604246139526367, 1.019638180732727, 0.8515308499336243, 0.7649199962615967, 0.745116114616394, 0.6059604287147522, 0.48599785566329956, 0.4220021963119507, 0.38963744044303894, 0.3156377077102661, 0.2836454510688782, 0.22230342030525208, 0.20716044306755066, 0.19945400953292847], "train_accs": [0.5053680981595092, 1.0], "dev_accs": [0.581799591002045, 0.9989775051124744], "test_accs": [0.014534129249935116, 0.2915909680768233]}