{"loss_data": [3.4526493549346924, 2.6463053226470947, 2.319784641265869, 2.008577346801758, 1.7487308979034424, 1.5012706518173218, 1.263098955154419, 1.047839879989624, 0.9433533549308777, 0.7642678022384644, 0.7498565912246704, 0.6251096129417419, 0.5720949172973633, 0.46904584765434265, 0.41944342851638794, 0.35263457894325256, 0.30781933665275574, 0.268765926361084, 0.24448761343955994, 0.22561503946781158], "train_accs": [0.6791922290388548, 0.9978698023176551], "dev_accs": [0.7119972733469666, 0.9989775051124744], "test_accs": [0.04165585258240332, 0.6554632753698417]}