{"loss_data": [3.4134936332702637, 2.704456090927124, 2.276824712753296, 1.9327633380889893, 1.6653649806976318, 1.410003423690796, 1.1741054058074951, 1.0108476877212524, 0.8667431473731995, 0.7786604166030884, 0.7770777344703674, 0.6375045776367188, 0.5468242764472961, 0.43038100004196167, 0.37363874912261963, 0.32398927211761475, 0.30702853202819824, 0.25286489725112915, 0.23251260817050934, 0.18938887119293213], "train_accs": [0.4070381731424676, 0.9997443762781186], "dev_accs": [0.3050443081117928, 0.8575323790047716], "test_accs": [0.0003893070334804049, 0.38554373215676097]}