{"loss_data": [2.740432024002075, 2.001168727874756, 1.8224174976348877, 1.6262317895889282, 1.2826356887817383, 0.9571226239204407, 0.7937946915626526, 0.602541446685791, 0.5256280303001404, 0.41579434275627136, 0.4416930675506592, 0.3080872893333435, 0.25054776668548584, 0.19906949996948242, 0.17446880042552948, 0.13957874476909637, 0.12683312594890594, 0.10593249648809433, 0.09987880289554596, 0.08646669238805771], "train_accs": [0.7488922972051807, 1.0], "dev_accs": [0.7539195637355146, 0.9996591683708248], "test_accs": [0.0, 0.0015572281339216196]}