{"loss_data": [3.1702446937561035, 2.7279443740844727, 2.4130687713623047, 2.098973512649536, 1.8348864316940308, 1.6129319667816162, 1.4134355783462524, 1.1993485689163208, 1.0218077898025513, 0.8794993162155151, 0.8646638989448547, 0.7389784455299377, 0.643032431602478, 0.5537661910057068, 0.4746313989162445, 0.4155675768852234, 0.33511289954185486, 0.3082931935787201, 0.26511329412460327, 0.2434779405593872], "train_accs": [0.4310668029993183, 0.9999147920927062], "dev_accs": [0.278118609406953, 0.9948875255623721], "test_accs": [0.0, 0.5192058136516999]}