{"loss_data": [3.457123041152954, 2.1296093463897705, 1.9669570922851562, 1.9509419202804565, 1.9177031517028809, 1.8132206201553345, 1.4452319145202637, 1.1920186281204224, 1.0247843265533447, 0.7882582545280457, 0.6135159730911255, 0.5903462767601013, 0.47773343324661255, 0.3822542428970337, 0.29038795828819275, 0.25588706135749817, 0.20836476981639862, 0.20871303975582123, 0.16286420822143555, 0.1334274709224701, 0.13192260265350342, 0.09705810993909836], "train_accs": [0.8261974146305013, 1.0], "dev_accs": [0.8269058295964126, 1.0], "test_accs": [0.8153993304638929, 1.0]}