{"loss_data": [2.6727845668792725, 2.0775434970855713, 1.87031090259552, 1.6002193689346313, 1.297269344329834, 1.0272077322006226, 0.8072240352630615, 0.6144020557403564, 0.5164374113082886, 0.4057001769542694, 0.33707544207572937, 0.3151775300502777, 0.2800179421901703, 0.22713078558444977, 0.194822758436203, 0.14854292571544647, 0.13100706040859222, 0.12650378048419952, 0.11172924190759659, 0.08391748368740082, 0.09175079315900803, 0.06629560142755508], "train_accs": [0.9320780094149294, 0.9991033400582829], "dev_accs": [0.8798206278026905, 0.9997010463378176], "test_accs": [0.8837876614060258, 0.9995217599234816]}