{"loss_data": [2.3408942222595215, 1.905961513519287, 1.7479456663131714, 1.4687929153442383, 1.2764856815338135, 0.9874749183654785, 0.7738559246063232, 0.5415349006652832, 0.45742177963256836, 0.3403816223144531, 0.29774704575538635, 0.28642675280570984, 0.21205385029315948, 0.17648768424987793, 0.158839151263237, 0.13131268322467804, 0.12295758724212646, 0.11522475630044937, 0.09323331713676453, 0.08669307827949524, 0.07182759046554565, 0.07458044588565826], "train_accs": [0.9738474183665845, 1.0], "dev_accs": [0.971898355754858, 1.0], "test_accs": [0.9665231946437112, 1.0]}