{"loss_data": [2.7100372314453125, 2.048053503036499, 1.859296202659607, 1.7479134798049927, 1.4794455766677856, 1.169500470161438, 0.8413960337638855, 0.6314083337783813, 0.5257052183151245, 0.4466499090194702, 0.31492286920547485, 0.31906968355178833, 0.24301834404468536, 0.20576895773410797, 0.18657949566841125, 0.15796978771686554, 0.13248519599437714, 0.11601105332374573, 0.10143770277500153, 0.09121806919574738, 0.09111445397138596, 0.07559622824192047], "train_accs": [0.9838601210490922, 1.0], "dev_accs": [0.9698056801195815, 1.0], "test_accs": [0.976805356288857, 1.0]}