{"loss_data": [2.874112129211426, 1.9655275344848633, 1.886776328086853, 1.7602276802062988, 1.41880202293396, 1.2729781866073608, 1.2393474578857422, 1.0926668643951416, 1.118323564529419, 1.0093908309936523, 0.991324782371521, 1.0137687921524048, 0.9243891835212708, 0.9432114362716675, 0.859653651714325, 0.93271404504776, 0.9036049246788025, 0.8875848650932312, 0.8380308151245117, 0.7977108359336853, 0.8405216932296753, 0.7188928723335266], "train_accs": [[0.11284310403253135, 0.2538384669125125], [0.16064757160647572, 0.28290685409889826]], "dev_accs": [[0.003215434083601286, 0.57705449600781], [0.08788853161843516, 0.6659635298629755]], "test_accs": [[0.008718395815170008, 0.5842401974533011], [0.07672188317349608, 0.670471756324676]]}