{"loss_data": [2.8334717750549316, 2.0115325450897217, 1.9508434534072876, 1.84163236618042, 1.6437032222747803, 1.451639175415039, 1.320070743560791, 1.2441436052322388, 1.2031174898147583, 1.058881163597107, 1.0668729543685913, 1.0662994384765625, 0.9987847805023193, 0.9720469117164612, 0.964608371257782, 0.9637455344200134, 0.9434182643890381, 0.9094024300575256, 0.8838420510292053, 0.8353129029273987, 0.8268217444419861, 0.7793158292770386], "train_accs": [[0.1088896419292895, 0.2624094659485846], [0.1686856107777652, 0.28411050938195226]], "dev_accs": [[0.03751339764201501, 0.6062724451727625], [0.07502679528403002, 0.6593563683274641]], "test_accs": [[0.045335658238884045, 0.6128204409042464], [0.08369659982563209, 0.6668396252874853]]}