{"loss_data": [3.092311382293701, 2.1038689613342285, 2.01484751701355, 1.8725484609603882, 1.616986632347107, 1.4088176488876343, 1.3131332397460938, 1.239711880683899, 1.190322756767273, 1.091848373413086, 1.0851044654846191, 1.0977416038513184, 0.9981346130371094, 1.0263645648956299, 0.9727854132652283, 1.0082364082336426, 0.9510935544967651, 0.9268661737442017, 0.8948969841003418, 0.850927472114563, 0.8807639479637146, 0.7886749505996704], "train_accs": [[0.11295606009262397, 0.2507715844674962], [0.1471753651081173, 0.2809462609574289]], "dev_accs": [[0.020364415862808145, 0.5948363027788431], [0.1082529474812433, 0.6773996722568948]], "test_accs": [[0.02005231037489102, 0.6055000841420317], [0.1037489102005231, 0.685939866494643]]}