{"loss_data": [2.432141065597534, 1.8955771923065186, 1.4887336492538452, 1.2888296842575073, 1.1507230997085571, 1.0624995231628418, 0.9012667536735535, 0.906635582447052, 0.7723994851112366, 0.7784584760665894, 0.7940565943717957, 0.7991275787353516, 0.6841365098953247, 0.6940284967422485, 0.6768158674240112, 0.7238611578941345, 0.6083246469497681, 0.6544860005378723, 0.6518040895462036, 0.6666133999824524, 0.6204516291618347, 0.6504321694374084, 0.7171367406845093, 0.6082283854484558, 0.6289706826210022, 0.5988607406616211, 0.7516743540763855, 0.6394863724708557, 0.6362263560295105, 0.5844274163246155, 0.591340184211731, 0.5802408456802368, 0.6179895401000977, 0.6151100397109985, 0.6678659319877625, 0.5875296592712402, 0.6522157192230225, 0.6362026929855347, 0.5595194697380066, 0.5810679197311401, 0.5636975765228271, 0.6329139471054077, 0.523792028427124, 0.4834432005882263, 0.5481957197189331, 0.6211524605751038, 0.5227288603782654, 0.6054043769836426, 0.5160612463951111, 0.4916210472583771, 0.47321435809135437, 0.5367943644523621, 0.5585182905197144, 0.6127623915672302, 0.5175381898880005, 0.5801834464073181, 0.5766420960426331, 0.5243678689002991, 0.561293363571167, 0.5050829648971558, 0.5500525236129761, 0.4961824417114258, 0.49344736337661743, 0.5217846035957336, 0.5199123620986938, 0.5844745635986328], "train_accs": [[0.2451678535096643, 0.29090625653235264], [0.2799685428603528, 0.29635869727874986], [0.2742663656884876, 0.29955875489683065], [0.28351153629713, 0.3006253727708743], [0.2881125226860254, 0.3015806515749709], [0.27512042119413016, 0.29938473691139683]], "dev_accs": [[0.1907824222936763, 0.7050486384714619], [0.2529474812433012, 0.7230047766814267], [0.2315112540192926, 0.7279732226909801], [0.2808145766345123, 0.7304312959799171], [0.25509110396570206, 0.7298560022314424], [0.16613076098606644, 0.7310240228722847]], "test_accs": [[0.21621621621621623, 0.7176473887922814], [0.25806451612903225, 0.7335923038088293], [0.2528334786399303, 0.7392017725921355], [0.26242371403661724, 0.741655915184832], [0.26591107236268524, 0.7423150277668705], [0.17523975588491716, 0.7405620687720873]]}