{"loss_data": [3.415214776992798, 1.9839164018630981, 1.9131284952163696, 1.8740878105163574, 1.696686029434204, 1.5369727611541748, 1.4140894412994385, 1.3196887969970703, 1.213109016418457, 1.1656991243362427, 1.1116560697555542, 1.1478798389434814, 1.0217194557189941, 1.0021696090698242, 0.9701151847839355, 0.9998995065689087, 0.9474762082099915, 0.9482575058937073, 0.9368154406547546, 0.8389017581939697, 0.8797236084938049, 0.8115101456642151], "train_accs": [[0.06709589969501864, 0.24627561262480213], [0.10087173100871731, 0.27261994451485955]], "dev_accs": [[0.0, 0.5616784630940344], [0.02465166130760986, 0.6289529653777762]], "test_accs": [[0.006102877070619006, 0.5677483592303809], [0.03312990409764603, 0.6372216301116285]]}