{"loss_data": [3.16847562789917, 2.000713586807251, 1.9182442426681519, 1.754055380821228, 1.544824242591858, 1.313718318939209, 0.978350818157196, 0.7317461371421814, 0.5887838006019592, 0.4334641098976135, 0.36013489961624146, 0.3089997470378876, 0.2589830160140991, 0.22397629916667938, 0.19408252835273743, 0.16640104353427887, 0.13620181381702423, 0.13373669981956482, 0.11615771055221558, 0.09877675771713257, 0.09464538097381592, 0.09229420125484467], "train_accs": [0.9991033400582829, 0.9998505566763805], "dev_accs": [0.9976083707025412, 0.9988041853512706], "test_accs": [0.9966523194643712, 0.9990435198469632]}