{"loss_data": [2.667832136154175, 1.9287803173065186, 1.926959753036499, 1.9246305227279663, 1.9213638305664062, 1.947717547416687, 1.8985545635223389, 1.944599986076355, 1.9409914016723633, 1.9425015449523926, 1.9359831809997559, 1.9179027080535889, 1.9225106239318848, 1.9224430322647095, 1.9329540729522705, 1.9201856851577759, 1.9350495338439941, 1.9245833158493042, 1.917474389076233, 1.9235197305679321, 1.9229093790054321, 1.9319592714309692, 1.9393870830535889, 1.9217647314071655, 1.917253017425537, 1.9251842498779297, 1.927890419960022, 1.9382236003875732, 1.9513304233551025, 1.9144757986068726, 1.9332168102264404, 1.9055109024047852, 1.9032917022705078, 1.9055286645889282, 1.9386916160583496, 1.9284353256225586, 1.9778414964675903, 1.9608715772628784, 1.9207981824874878, 1.9040623903274536, 1.9230092763900757, 1.9348938465118408, 1.9262840747833252, 1.9227746725082397, 1.9295852184295654, 1.9221726655960083, 1.9305498600006104, 1.952986717224121, 1.9640883207321167, 1.919413685798645, 1.9154210090637207, 1.9313968420028687, 1.92775297164917, 1.9267853498458862, 1.931464433670044], "train_accs": [[0.03210127726913078, 0.09664161786224221], [0.027862037973261432, 0.09604391464249812], [0.030474040632054177, 0.09855357875235118], [0.031626336522228474, 0.09837445429873196], [0.026429219600725952, 0.0968450876246201]], "dev_accs": [[0.0010718113612004287, 0.24490080541124787], [0.0010718113612004287, 0.24490080541124787], [0.0, 0.23086712457724626], [0.0, 0.23086712457724626], [0.0010718113612004287, 0.24490080541124787]], "test_accs": [[0.0, 0.24244124081449486], [0.0, 0.24244124081449486], [0.0026155187445510027, 0.2369720087507713], [0.0026155187445510027, 0.2369720087507713], [0.0, 0.24244124081449486]]}