{"loss_data": [2.8661913871765137, 1.9500346183776855, 1.7979850769042969, 1.674491286277771, 1.505123257637024, 1.433824896812439, 1.3836238384246826, 1.2495123147964478, 1.192916989326477, 1.160220980644226, 1.1165767908096313, 1.0946072340011597, 1.0752754211425781, 1.0030765533447266, 0.9589365720748901, 0.9511040449142456, 0.9083818197250366, 0.8752347230911255, 0.8524504899978638, 0.8773311376571655, 0.8142104744911194, 0.8612675666809082], "train_accs": [[0.13359082131091674, 0.25484967217871646], [0.18853932584269664, 0.2851490032681178]], "dev_accs": [[0.021436227224008574, 0.5743000592726892], [0.10396570203644159, 0.6440675011331544]], "test_accs": [[0.026155187445510025, 0.574774218881472], [0.09154315605928509, 0.6521007460593482]]}