{"loss_data": [3.2161850929260254, 2.0631468296051025, 1.9668933153152466, 1.8481861352920532, 1.7340487241744995, 1.5603220462799072, 1.4323137998580933, 1.2738884687423706, 1.214827537536621, 1.091501235961914, 1.05867600440979, 1.0600390434265137, 0.9541116952896118, 0.9103929400444031, 0.918658435344696, 0.9247964024543762, 0.9443504214286804, 0.922791600227356, 0.8898234963417053, 0.8065372109413147, 0.8254888653755188, 0.7323667407035828], "train_accs": [[0.09341466169660002, 0.2530814740137426], [0.17400656628552022, 0.28227045903760756]], "dev_accs": [[0.011789924973204717, 0.5832432620898853], [0.09539121114683816, 0.6602803249538022]], "test_accs": [[0.026155187445510025, 0.5914203174959332], [0.0950305143853531, 0.6653110450440344]]}