{"loss_data": [2.969329833984375, 1.9925224781036377, 1.6433639526367188, 1.346410870552063, 1.0991339683532715, 0.8669925928115845, 0.7199150919914246, 0.538636326789856, 0.4749728739261627, 0.3974626064300537, 0.30065688490867615, 0.29266396164894104, 0.24087226390838623, 0.20164726674556732, 0.17875921726226807, 0.14648222923278809, 0.15404744446277618, 0.10869163274765015, 0.10656759887933731, 0.10630791634321213, 0.09241247177124023, 0.08136053383350372], "train_accs": [0.9506837032055593, 0.9986550100874243], "dev_accs": [0.9518684603886398, 0.9982062780269059], "test_accs": [0.9435676709708274, 0.9973696795791487]}