{"loss_data": [2.891679048538208, 2.0191445350646973, 1.9489508867263794, 1.9399482011795044, 1.8709441423416138, 1.7648433446884155, 1.6318789720535278, 1.6072752475738525, 1.5183310508728027, 1.3970996141433716, 1.3313498497009277, 1.2278038263320923, 1.1845731735229492, 1.0419292449951172, 1.0606375932693481, 1.0429575443267822, 1.0112360715866089, 0.9597437977790833, 0.9395879507064819, 0.9094813466072083, 0.8718628287315369, 1.0030499696731567, 0.8886826038360596, 0.8803953528404236, 0.9164147973060608, 0.8955637812614441, 0.8162789344787598, 0.7835394740104675, 0.7799783945083618, 0.7886362075805664, 0.8085843324661255, 0.8412010669708252, 0.6885844469070435, 0.7782666087150574, 0.7782542109489441, 0.7865519523620605, 0.7890506982803345, 0.7882214784622192, 0.6199802756309509, 0.7071129679679871, 0.6887109279632568, 0.7266052961349487, 0.6027032732963562, 0.621231198310852, 0.7123206257820129, 0.7377049326896667, 0.7015003561973572, 0.6515419483184814, 0.7015588283538818, 0.5868626832962036, 0.5910885334014893, 0.7085797786712646, 0.6413213014602661, 0.655536949634552, 0.6190884113311768, 0.6513814926147461, 0.6462597846984863, 0.6179640293121338, 0.5781280994415283, 0.6513932347297668, 0.6451112031936646, 0.5901310443878174, 0.6154088973999023, 0.628196656703949, 0.6126149296760559, 0.5685222744941711, 0.629876971244812, 0.573542594909668, 0.6080545783042908, 0.5801087617874146, 0.5910130739212036, 0.6246301531791687, 0.5854330658912659, 0.5546071529388428, 0.5702634453773499, 0.6164653897285461, 0.5402998924255371, 0.5799515247344971, 0.6047936677932739, 0.6044670343399048, 0.6426881551742554, 0.5281510353088379, 0.5460896492004395, 0.5780767202377319, 0.533893346786499, 0.4800643026828766, 0.5694556832313538, 0.49277982115745544, 0.5507404804229736, 0.5228274464607239, 0.5420559644699097, 0.5363719463348389, 0.5455263257026672, 0.5177228450775146, 0.5082356333732605, 0.5812437534332275, 0.49714741110801697, 0.4852416515350342, 0.5350325703620911], "train_accs": [0.0, 0.0, 0.0001494433236195173, 0.0003736083090487932, 0.0016438765598146903, 0.0017185982216244488, 0.0014944332361951729, 0.0014944332361951729, 0.007322722857356348], "dev_accs": [0.0, 0.0, 0.0, 0.0008968609865470852, 0.0008968609865470852, 0.001195814648729447, 0.00029895366218236175, 0.0017937219730941704, 0.004185351270553065], "test_accs": [0.0, 0.0, 0.0, 0.0, 0.0007173601147776184, 0.00047824007651841227, 0.00047824007651841227, 0.0009564801530368245, 0.0023912003825920613]}