{"loss_data": [2.5251424312591553, 2.00766658782959, 1.9031604528427124, 1.8417006731033325, 1.6658977270126343, 1.6166701316833496, 1.4127594232559204, 1.279747486114502, 1.2183032035827637, 1.1236402988433838, 1.1825045347213745, 1.066338300704956, 1.0666468143463135, 1.019299864768982, 0.9642155766487122, 0.9157933592796326, 0.8333015441894531, 0.9661127924919128, 0.9028483629226685, 0.8416823744773865, 0.7991726994514465, 0.7883610725402832], "train_accs": [[0.0, 0.25700365192319274], [0.0, 0.2810365700853102]], "dev_accs": [[0.0, 0.5824413374707995], [0.0, 0.6537254628499704]], "test_accs": [[0.0, 0.5923458798451786], [0.0, 0.6639787962079992]]}