{"loss_data": [2.5323495864868164, 2.021044969558716, 1.7649725675582886, 1.4124387502670288, 1.0372759103775024, 0.8360510468482971, 0.6990275382995605, 0.4610140025615692, 0.39162206649780273, 0.32986119389533997, 0.2547607123851776, 0.2558046877384186, 0.2065383642911911, 0.16616587340831757, 0.14710602164268494, 0.13452376425266266, 0.09413813054561615, 0.09419653564691544, 0.09032630175352097, 0.07747847586870193, 0.07423384487628937, 0.0715281143784523], "train_accs": [0.9901367406411119, 0.9988791750728536], "dev_accs": [0.9904334828101644, 0.9985052316890882], "test_accs": [0.9904351984696318, 0.9990435198469632]}