{"loss_data": [3.3728082180023193, 2.034954786300659, 1.8993319272994995, 1.842067837715149, 1.6385443210601807, 1.5354260206222534, 1.3876352310180664, 1.2366975545883179, 1.203506588935852, 1.0270859003067017, 1.0015277862548828, 1.0301939249038696, 0.9017859697341919, 0.8793736696243286, 0.8353275656700134, 0.883723258972168, 0.8405354022979736, 0.8218053579330444, 0.8410956263542175, 0.7541951537132263, 0.7863359451293945, 0.71436607837677], "train_accs": [[0.10572687224669604, 0.260448005376772], [0.169025246235707, 0.28690249328594347]], "dev_accs": [[0.007502679528403001, 0.5867124577246261], [0.1007502679528403, 0.6606464209755587]], "test_accs": [[0.013949433304272014, 0.5914203174959332], [0.11159546643417612, 0.6669658383351097]]}