{"loss_data": [3.0342533588409424, 2.134538412094116, 1.9528803825378418, 1.87839937210083, 1.7440252304077148, 1.6044716835021973, 1.4970004558563232, 1.4379749298095703, 1.3066848516464233, 1.22603440284729, 1.2368108034133911, 1.203432559967041, 1.116708755493164, 1.0571568012237549, 1.0525872707366943, 0.9549842476844788, 1.0141491889953613, 1.0009509325027466, 0.9091473817825317, 0.8680132031440735, 0.9750509262084961, 0.8641828894615173, 0.7714806199073792, 0.838859498500824, 0.8362926244735718, 0.8496423363685608, 0.8513718247413635, 0.7915967702865601, 0.7509546279907227, 0.8209241628646851, 0.7896294593811035, 0.7142295837402344, 0.7454439997673035, 0.7402209639549255, 0.7940918803215027, 0.7732421159744263, 0.6775128245353699, 0.753924548625946, 0.6404587030410767, 0.7004131078720093, 0.6856203675270081, 0.6646627187728882, 0.6369779109954834, 0.6383657455444336, 0.6089507341384888, 0.6575933694839478, 0.6502644419670105, 0.6798357963562012, 0.6583688855171204, 0.6788120269775391, 0.646811306476593, 0.677004337310791, 0.6127276420593262, 0.7121971845626831, 0.6344114542007446, 0.6480438709259033, 0.6212092638015747, 0.6157280802726746, 0.5698016881942749, 0.6260172128677368, 0.5670833587646484, 0.6495650410652161, 0.670616626739502, 0.6052840948104858, 0.6079279780387878, 0.5899426937103271, 0.6887803077697754, 0.6196158528327942, 0.6005535125732422, 0.6142808198928833, 0.5864633917808533, 0.5820424556732178, 0.5424294471740723, 0.5823420286178589, 0.5829020738601685, 0.5766518712043762, 0.5139144062995911, 0.5559735894203186, 0.5062288641929626, 0.6411610245704651, 0.5189138650894165, 0.5492896437644958, 0.6815873384475708, 0.5713922381401062, 0.5805294513702393, 0.5393699407577515, 0.5481306910514832, 0.5579704642295837, 0.4879559576511383, 0.48689374327659607, 0.5454171895980835, 0.5016258955001831, 0.5377790927886963, 0.4784388840198517, 0.5845839381217957, 0.539619505405426, 0.5229016542434692, 0.48109740018844604, 0.5433722138404846], "train_accs": [[0.0, 0.23831217352686157], [0.0, 0.28014499765214795], [0.0006724949562878278, 0.2910523770638448], [0.001270268250765897, 0.29582775302220227], [0.0038108047522976913, 0.299184257653313], [0.0037360830904879325, 0.3017328090709583], [0.004109691399536725, 0.30797161862527717], [0.0032877531196293806, 0.31190037294311906], [0.01270268250765897, 0.3186349183267038]], "dev_accs": [[0.0, 0.5694187789826017], [0.0, 0.6613088804434992], [0.00029895366218236175, 0.6927234057389909], [0.0005979073243647235, 0.7025033994630592], [0.0008968609865470852, 0.7131899166695722], [0.0005979073243647235, 0.721383494299362], [0.0005979073243647235, 0.7290540776123566], [0.00029895366218236175, 0.7330114012761061], [0.0026905829596412557, 0.7521529932708064]], "test_accs": [[0.0, 0.5784063499186627], [0.0, 0.6735008694676614], [0.00023912003825920613, 0.7021231839344814], [0.00047824007651841227, 0.7119397543052672], [0.0, 0.7252762663375778], [0.00047824007651841227, 0.7329191675548326], [0.00047824007651841227, 0.7401694059572559], [0.0007173601147776184, 0.7456947327088125], [0.002152080344332855, 0.7637011275032255]]}