{"loss_data": [2.953596830368042, 2.028834104537964, 1.677484154701233, 1.3730946779251099, 1.1079422235488892, 0.855924129486084, 0.7435815334320068, 0.5668894648551941, 0.5068323016166687, 0.42495855689048767, 0.3527989089488983, 0.3419038653373718, 0.2711588740348816, 0.22085589170455933, 0.18816843628883362, 0.16113926470279694, 0.12905259430408478, 0.12584152817726135, 0.11111157387495041, 0.09701165556907654, 0.09536305069923401, 0.07441779971122742], "train_accs": [0.7097810655308974, 1.0], "dev_accs": [0.7225710014947683, 1.0], "test_accs": [0.7161645145863224, 0.9997608799617408]}