{"loss_data": [2.475586175918579, 2.0216784477233887, 1.8791899681091309, 1.7306028604507446, 1.54509699344635, 1.4819151163101196, 1.3632962703704834, 1.2466652393341064, 1.2477737665176392, 1.1440893411636353, 1.0997438430786133, 1.133126974105835, 1.0070171356201172, 0.9896554946899414, 0.9429842233657837, 0.9508315324783325, 0.9114729762077332, 0.9115904569625854, 0.875301718711853, 0.8339511752128601, 0.877265989780426, 0.7576707601547241], "train_accs": [[0.0805376708460409, 0.2539905729622653], [0.13460885316427035, 0.2828270831302128]], "dev_accs": [[0.020364415862808145, 0.5675359994421394], [0.08038585209003216, 0.6533593668282138]], "test_accs": [[0.023539668700959023, 0.5795983620351153], [0.07846556233653008, 0.6599960733718517]]}