{"loss_data": [3.445723295211792, 2.0770437717437744, 1.9504814147949219, 1.8272243738174438, 1.6806119680404663, 1.3869810104370117, 1.200501561164856, 0.9139869213104248, 0.790819525718689, 0.6342200040817261, 0.49923449754714966, 0.4996297359466553, 0.3616376221179962, 0.3145120441913605, 0.26657891273498535, 0.22174568474292755, 0.17374461889266968, 0.16323025524616241, 0.1545557677745819, 0.12590211629867554, 0.09777028858661652, 0.09882990270853043], "train_accs": [0.9599491892699694, 1.0], "dev_accs": [0.9575485799701047, 0.9985052316890882], "test_accs": [0.9617407938785271, 0.9992826398852224]}