{"loss_data": [2.7150955200195312, 1.967076301574707, 1.8896719217300415, 1.8255428075790405, 1.5452171564102173, 1.4348193407058716, 1.2892653942108154, 1.1519765853881836, 1.0402541160583496, 1.045968770980835, 1.0200512409210205, 1.0617700815200806, 0.9260879755020142, 0.9186083078384399, 0.8863128423690796, 0.9059058427810669, 0.9099171757698059, 0.8780977129936218, 0.8297727704048157, 0.7915520668029785, 0.7994977235794067, 0.7559762597084045], "train_accs": [[0.12425166610188637, 0.2681311295642869], [0.18159175817955395, 0.2846369977752763]], "dev_accs": [[0.04608788853161844, 0.6034657090059621], [0.08896034297963558, 0.6511802238415676]], "test_accs": [[0.06015693112467306, 0.6144892578672799], [0.10985178727114212, 0.6622679082290907]]}