{"loss_data": [2.710528612136841, 2.011591911315918, 1.8508145809173584, 1.5781149864196777, 1.2614909410476685, 1.0600889921188354, 0.8102271556854248, 0.6402889490127563, 0.4847593605518341, 0.4223538339138031, 0.351919561624527, 0.3307756185531616, 0.28025364875793457, 0.21002623438835144, 0.19119402766227722, 0.1595587432384491, 0.13871927559375763, 0.1247364953160286, 0.115653395652771, 0.10840747505426407, 0.10252300649881363, 0.06986550241708755], "train_accs": [0.904356272883509, 1.0], "dev_accs": [0.9168908819133035, 1.0], "test_accs": [0.9122429459588713, 0.9997608799617408]}