{"loss_data": [2.4544594287872314, 1.9167948961257935, 1.7826368808746338, 1.631569266319275, 1.4888256788253784, 1.369809627532959, 1.2630765438079834, 1.2143995761871338, 1.1263833045959473, 1.055222749710083, 0.9477540254592896, 0.9294193983078003, 0.9078943133354187, 0.8989802598953247, 0.8913464546203613, 0.836493968963623, 0.7966938614845276, 0.7616634368896484, 0.9051902294158936, 0.7497931718826294, 0.7610090970993042, 0.7402251362800598, 0.7563861608505249, 0.7296450734138489, 0.7902708053588867, 0.7940119504928589, 0.6620043516159058, 0.7256243824958801, 0.7300736308097839, 0.7468735575675964, 0.7126027941703796, 0.626115620136261, 0.6611314415931702, 0.6905198097229004, 0.6523948311805725, 0.556000292301178, 0.6315457820892334, 0.7192947864532471, 0.6123844981193542, 0.5767022967338562, 0.5538755059242249, 0.6028043031692505, 0.640636682510376, 0.5952204465866089, 0.5679673552513123, 0.5513565540313721, 0.5938714742660522, 0.5250170230865479, 0.5606427192687988, 0.5729532837867737, 0.6497888565063477, 0.4992005228996277, 0.584360659122467, 0.5293941497802734, 0.5831221342086792], "train_accs": [7.472166180975865e-05, 0.0, 0.0026899798251513113, 0.006127176268400209, 0.007472166180975865], "dev_accs": [0.0, 0.0, 0.0014947683109118087, 0.0017937219730941704, 0.002391629297458894], "test_accs": [0.0, 0.00023912003825920613, 0.001673840267814443, 0.002152080344332855, 0.0023912003825920613]}