{"loss_data": [3.615694761276245, 2.9402854442596436, 2.758413553237915, 2.5235915184020996, 2.2533364295959473, 1.912489414215088, 1.6744918823242188, 1.453609824180603, 1.2095099687576294, 1.0362234115600586, 1.0519415140151978, 0.9102370738983154, 0.7862998843193054, 0.7063198089599609, 0.5979019403457642, 0.5195996761322021, 0.44390085339546204, 0.3913690447807312, 0.3412938714027405, 0.32793959975242615], "train_accs": [0.044734151329243355, 1.0], "dev_accs": [0.02147239263803681, 0.9986366734832992], "test_accs": [0.0, 0.4414741759667791]}