{"loss_data": [2.7211551666259766, 2.1033875942230225, 1.9875917434692383, 1.8408126831054688, 1.5012050867080688, 1.2345590591430664, 0.9494168758392334, 0.7051950097084045, 0.5544469356536865, 0.4245418906211853, 0.42429864406585693, 0.30017444491386414, 0.2495417594909668, 0.20598217844963074, 0.18040263652801514, 0.15052855014801025, 0.12979523837566376, 0.11726348847150803, 0.10468068718910217, 0.08509749174118042], "train_accs": [0.826346284935242, 0.9986366734832992], "dev_accs": [0.7886843899113838, 0.9921608725289707], "test_accs": [0.0, 0.011419672982091877]}