{"loss_data": [2.6710379123687744, 1.7712682485580444, 1.4732096195220947, 1.1200062036514282, 0.9055497646331787, 0.6864013075828552, 0.5644726753234863, 0.45901620388031006, 0.33345770835876465, 0.3070906698703766, 0.28592121601104736, 0.22409041225910187, 0.19108076393604279, 0.1698494851589203, 0.1588074266910553, 0.14678955078125, 0.11577584594488144, 0.092986099421978, 0.08781018108129501, 0.07483293861150742], "train_accs": [0.8682685753237901, 1.0], "dev_accs": [0.8793456032719836, 0.912747102931152], "test_accs": [0.0, 0.009343368803529718]}