{"loss_data": [3.6369481086730957, 3.033928871154785, 2.848938465118408, 2.7497315406799316, 2.5164146423339844, 2.2545676231384277, 1.985809564590454, 1.7367995977401733, 1.5713355541229248, 1.3385498523712158, 1.2912309169769287, 1.1325839757919312, 0.9251354336738586, 0.7613416910171509, 0.6430811285972595, 0.5766724944114685, 0.5378134250640869, 0.4169638454914093, 0.4010894000530243, 0.32142889499664307], "train_accs": [0.0005964553510565781, 1.0], "dev_accs": [0.00034083162917518747, 0.9979550102249489], "test_accs": [0.0, 0.1626005709836491]}