{"loss_data": [3.5335402488708496, 2.9593403339385986, 2.7376387119293213, 2.5277297496795654, 2.248598575592041, 2.0295238494873047, 1.7065871953964233, 1.480306625366211, 1.3145831823349, 1.1188417673110962, 1.0672106742858887, 0.9381029009819031, 0.7899846434593201, 0.6954123377799988, 0.608279824256897, 0.5239903330802917, 0.459861159324646, 0.37459519505500793, 0.36390405893325806, 0.3371031582355499], "train_accs": [0.019171779141104295, 0.9669393319700068], "dev_accs": [0.02044989775051125, 0.8960463531015678], "test_accs": [0.0, 0.02958733454451077]}