{"loss_data": [2.3394668102264404, 1.740485429763794, 1.443820595741272, 1.110022783279419, 0.8443742990493774, 0.6563318371772766, 0.5192573666572571, 0.40587523579597473, 0.33505764603614807, 0.26503434777259827, 0.25448155403137207, 0.21845360100269318, 0.18227627873420715, 0.17507097125053406, 0.14608298242092133, 0.15536810457706451, 0.09888441860675812, 0.0996422991156578, 0.08121911436319351, 0.0776825100183487], "train_accs": [0.989093387866394, 1.0], "dev_accs": [0.9069529652351738, 1.0], "test_accs": [0.008175447703088503, 0.024915650142745913]}