{"loss_data": [3.2372279167175293, 2.790095806121826, 2.5834293365478516, 2.283543825149536, 1.9876877069473267, 1.7317136526107788, 1.5345507860183716, 1.3459867238998413, 1.1788513660430908, 1.0356500148773193, 1.0035480260849, 0.8999581933021545, 0.749616801738739, 0.6992059946060181, 0.5811641216278076, 0.49752694368362427, 0.44698649644851685, 0.37353578209877014, 0.3395843207836151, 0.30929431319236755], "train_accs": [0.04967620995228357, 0.8984321745057942], "dev_accs": [0.017382413087934562, 0.9021813224267212], "test_accs": [0.0, 0.0006488450558006748]}