{"loss_data": [2.672102451324463, 1.9237638711929321, 1.7420637607574463, 1.4971001148223877, 1.232784628868103, 0.9653607606887817, 0.7221043705940247, 0.5344437956809998, 0.41930803656578064, 0.3102183938026428, 0.29710623621940613, 0.24108511209487915, 0.20867013931274414, 0.17384685575962067, 0.15922901034355164, 0.13025358319282532, 0.11881326884031296, 0.09401585161685944, 0.10359763354063034, 0.07818115502595901], "train_accs": [0.993694614860259, 1.0], "dev_accs": [0.9792092706203136, 1.0], "test_accs": [0.01440436023877498, 0.1039449779392681]}