{"loss_data": [2.945119857788086, 1.9572288990020752, 1.669285535812378, 1.299304723739624, 1.0669697523117065, 0.805605411529541, 0.6109070777893066, 0.49680081009864807, 0.3590727746486664, 0.3010340929031372, 0.3049350380897522, 0.2314905971288681, 0.17548544704914093, 0.17675039172172546, 0.15946026146411896, 0.1455366015434265, 0.11597335338592529, 0.11121568083763123, 0.09856735914945602, 0.08493593335151672], "train_accs": [0.8883776414451261, 0.9990627130197682], "dev_accs": [0.8974096796182686, 0.9993183367416496], "test_accs": [0.0, 0.0015572281339216196]}