{"loss_data": [3.369755744934082, 1.854326605796814, 1.5475380420684814, 1.2074779272079468, 1.0005626678466797, 0.7801888585090637, 0.6134197115898132, 0.46336057782173157, 0.33650460839271545, 0.2788392901420593, 0.2557622492313385, 0.20878028869628906, 0.16806192696094513, 0.13908308744430542, 0.12145358324050903, 0.11095056682825089, 0.09895840287208557, 0.08618117868900299, 0.074455127120018, 0.07751451432704926], "train_accs": [0.9902010906612133, 1.0], "dev_accs": [0.9911383776414451, 1.0], "test_accs": [0.020373734752141187, 0.003114456267843239]}