{"loss_data": [2.6480515003204346, 1.9044839143753052, 1.6884361505508423, 1.4350005388259888, 1.107093334197998, 0.9041404724121094, 0.6768679618835449, 0.5497568845748901, 0.4179379940032959, 0.3383227586746216, 0.29405468702316284, 0.23893886804580688, 0.17438848316669464, 0.15982109308242798, 0.13765661418437958, 0.11370673775672913, 0.10328159481287003, 0.08324568718671799, 0.07804790139198303, 0.07602127641439438], "train_accs": [0.9771642808452624, 1.0], "dev_accs": [0.9815950920245399, 1.0], "test_accs": [0.004282377368284454, 0.022320269919543213]}