{"loss_data": [2.9511451721191406, 1.8393715620040894, 1.543084979057312, 1.2548036575317383, 0.9965146780014038, 0.7087225317955017, 0.5562960505485535, 0.4715706408023834, 0.3361830711364746, 0.29134923219680786, 0.2802601456642151, 0.23262889683246613, 0.1759496033191681, 0.17562061548233032, 0.15297965705394745, 0.11757144331932068, 0.11493566632270813, 0.0988418236374855, 0.09716593474149704, 0.07657535374164581], "train_accs": [0.9182856169052488, 0.9997443762781186], "dev_accs": [0.9233128834355828, 1.0], "test_accs": [0.0010381520892810796, 0.008305216714248637]}