{"loss_data": [3.376941204071045, 1.8748810291290283, 1.8444836139678955, 1.436440348625183, 1.0146039724349976, 0.9137586951255798, 0.8277526497840881, 0.7995405197143555, 0.7275067567825317, 0.7035555243492126, 0.6938255429267883, 0.6683382391929626, 0.5685825347900391, 0.5755534172058105, 0.5317728519439697, 0.520581841468811, 0.5785590410232544, 0.4986295998096466, 0.5593350529670715, 0.4901424050331116, 0.4995870888233185, 0.39125925302505493, 0.49388670921325684, 0.49171552062034607, 0.4153383672237396, 0.4092489778995514, 0.44365614652633667, 0.3850167691707611, 0.4195355474948883, 0.4030221700668335, 0.399587482213974, 0.43559256196022034, 0.38037052750587463, 0.41021761298179626, 0.34482163190841675, 0.4438210129737854, 0.40347954630851746, 0.3726862072944641, 0.35093817114830017, 0.3333647847175598, 0.338890939950943, 0.32825255393981934, 0.2831035554409027, 0.29037657380104065, 0.37174180150032043, 0.28747260570526123, 0.3108736574649811, 0.2909800112247467, 0.29030463099479675, 0.24427691102027893, 0.2881661057472229, 0.3314758539199829, 0.2885691523551941, 0.27109745144844055, 0.26759254932403564, 0.3178914189338684, 0.27716341614723206, 0.27707985043525696, 0.2412448227405548, 0.1944514662027359, 0.2708636224269867, 0.28573158383369446, 0.23687539994716644, 0.2472449541091919, 0.19816677272319794, 0.2525160312652588, 0.2660982012748718, 0.19167426228523254, 0.18653853237628937, 0.18354423344135284, 0.17676356434822083, 0.15321937203407288, 0.16736318171024323, 0.16248397529125214, 0.1756998747587204, 0.15094709396362305, 0.1688128560781479, 0.12605305016040802, 0.12171075493097305, 0.10093682259321213, 0.16345156729221344, 0.18339551985263824, 0.13404783606529236, 0.09674923121929169, 0.1119609996676445, 0.1000220775604248, 0.11546964198350906, 0.1379311978816986, 0.0866442322731018, 0.0847105011343956, 0.08248864859342575, 0.0694747343659401, 0.07489527761936188, 0.10116507858037949, 0.07002511620521545, 0.05786137282848358, 0.09865054488182068, 0.08269218355417252, 0.07417912781238556, 0.04951367899775505, 0.07594411075115204, 0.06615951657295227, 0.07940305024385452, 0.0687677189707756, 0.07654190808534622, 0.09189800173044205, 0.0509321466088295, 0.07108952850103378, 0.04578021541237831, 0.07752437889575958, 0.17900684475898743, 0.08855954557657242, 0.054373838007450104, 0.037942543625831604, 0.05216614529490471, 0.05246615782380104, 0.03987773880362511, 0.07563825696706772, 0.0371837243437767, 0.023235276341438293], "train_accs": [[0.272068511198946, 0.7630862136912627], [0.30943987465726597, 0.8074390894128011], [0.3251437532671197, 0.8369902867607854], [0.36864794252122796, 0.8595057607158588], [0.395893277530735, 0.8883672948976516], [0.4581434709022263, 0.906408651505668], [0.5019830777366473, 0.9373159932308691], [0.5538707102952913, 0.9665658251616941], [0.6340822493759033, 0.9748649651111575], [0.6917501317870322, 0.979576697498667], [0.45214435146443516, 0.9533405197394348], [0.8102266736953084, 0.98966084799592]], "dev_accs": [[0.16508795669824086, 0.7364223493989749], [0.17456021650879566, 0.7856765266956262], [0.18538565629228687, 0.816107012342274], [0.23004059539918809, 0.842170585396125], [0.2449255751014885, 0.8592475120090096], [0.27604871447902574, 0.8762784711209175], [0.3085250338294993, 0.9105012755981521], [0.4330175913396482, 0.9247052333999862], [0.5223274695534507, 0.9363809786480958], [0.5466847090663058, 0.9354616286285596], [0.5155615696887687, 0.9463559263600634], [0.6982408660351827, 0.9478039026408329]], "test_accs": [[0.009887005649717515, 0.4010760407259029], [0.013653483992467044, 0.4591853275594563], [0.019303201506591337, 0.497178673706474], [0.027777777777777776, 0.5087958996209928], [0.03531073446327684, 0.5346934364603355], [0.033427495291902073, 0.5528564481393141], [0.032015065913371, 0.5559286447598978], [0.051789077212806026, 0.5920848482041544], [0.05649717514124294, 0.6104485561447792], [0.03154425612052731, 0.5965387613953022], [0.04472693032015066, 0.579726589938942], [0.06261770244821092, 0.6120309689769894]]}