{"loss_data": [2.4689695835113525, 1.8978174924850464, 1.719763159751892, 1.4015262126922607, 1.0472064018249512, 0.7690438032150269, 0.5849387645721436, 0.4894508719444275, 0.39338696002960205, 0.2843295633792877, 0.3059559166431427, 0.2577277719974518, 0.21243099868297577, 0.1738746017217636, 0.144673690199852, 0.12546567618846893, 0.12445587664842606, 0.11844120919704437, 0.09431539475917816, 0.08430608361959457], "train_accs": [0.8708248125426039, 0.999573960463531], "dev_accs": [0.8623040218132243, 0.9989775051124744], "test_accs": [0.0, 0.0023358422008824295]}