{"loss_data": [3.301778554916382, 2.8893401622772217, 2.642354726791382, 2.4110872745513916, 2.138784885406494, 1.821415901184082, 1.5717146396636963, 1.3364382982254028, 1.1571729183197021, 0.9970821738243103, 0.9496614336967468, 0.8374215960502625, 0.7427246570587158, 0.6550967693328857, 0.543009877204895, 0.4828624427318573, 0.42517057061195374, 0.4070838391780853, 0.3453303277492523, 0.3070564866065979], "train_accs": [0.12977164280845263, 1.0], "dev_accs": [0.12713019768234493, 1.0], "test_accs": [0.0, 0.021541655852582404]}