{"loss_data": [3.351491689682007, 2.8164706230163574, 2.5858700275421143, 2.416168689727783, 2.156251907348633, 1.8839666843414307, 1.676837682723999, 1.462510108947754, 1.2234179973602295, 1.0586754083633423, 1.0059224367141724, 0.8787593245506287, 0.7740498185157776, 0.6566201448440552, 0.5535187125205994, 0.5232298970222473, 0.4668801724910736, 0.3781549632549286, 0.34640395641326904, 0.3112502992153168], "train_accs": [0.12252897068847989, 0.9959100204498977], "dev_accs": [0.1383776414451261, 0.9519427402862985], "test_accs": [0.0018167661562418895, 0.3882688813911238]}