{"loss_data": [2.7879576683044434, 1.9225027561187744, 1.588563323020935, 1.1398262977600098, 0.9136499762535095, 0.6806915998458862, 0.5614719390869141, 0.43052539229393005, 0.3399059474468231, 0.286721795797348, 0.2655165493488312, 0.2323685735464096, 0.16088438034057617, 0.1569143384695053, 0.13093307614326477, 0.15610942244529724, 0.11907940357923508, 0.09585192799568176, 0.08402185887098312, 0.06910140812397003], "train_accs": [0.8571915473755964, 1.0], "dev_accs": [0.8469665985003408, 0.912747102931152], "test_accs": [0.0, 0.0]}