{"loss_data": [3.4261550903320312, 2.9208004474639893, 2.7619075775146484, 2.53712797164917, 2.242586851119995, 1.9259166717529297, 1.6266188621520996, 1.437885046005249, 1.2336738109588623, 1.0515207052230835, 1.048200249671936, 0.8698498606681824, 0.7887905240058899, 0.6684378385543823, 0.5883902907371521, 0.545286238193512, 0.42205655574798584, 0.3916642963886261, 0.3531597852706909, 0.31389477849006653], "train_accs": [0.13479890933878663, 0.9990627130197682], "dev_accs": [0.08282208588957055, 0.9952283571915473], "test_accs": [0.018297430573579028, 0.4492603166363872]}