{"loss_data": [2.6686694622039795, 1.8330659866333008, 1.8819270133972168, 1.5651824474334717, 1.0251353979110718, 0.9048009514808655, 0.8747867345809937, 0.8011839389801025, 0.7826429009437561, 0.7476446032524109, 0.7635902166366577, 0.7818543314933777, 0.6632723212242126, 0.6451604962348938, 0.6089416146278381, 0.608376681804657, 0.5841556191444397, 0.5819268226623535, 0.5936276912689209, 0.5066835284233093, 0.4774667024612427, 0.5129330158233643, 0.5057604312896729, 0.4629829227924347, 0.4244515001773834, 0.49312540888786316, 0.4610861837863922, 0.44193655252456665, 0.4482877552509308, 0.34664472937583923, 0.41920939087867737, 0.4068308472633362, 0.37441280484199524, 0.41968071460723877, 0.33778706192970276, 0.3454540967941284, 0.37374117970466614, 0.3214171826839447, 0.4180264174938202, 0.305025577545166, 0.34883248805999756, 0.3209105432033539, 0.31247520446777344, 0.31107959151268005, 0.2975254952907562, 0.30272701382637024, 0.2800462543964386, 0.34187179803848267, 0.2726013660430908, 0.25839588046073914, 0.30994364619255066, 0.2819903790950775, 0.3272060453891754, 0.24412547051906586, 0.251875638961792, 0.2533840835094452, 0.24385598301887512, 0.30726006627082825, 0.2829440236091614, 0.24263916909694672, 0.2670605182647705, 0.23829622566699982, 0.25574496388435364, 0.22442105412483215, 0.19439879059791565, 0.19897788763046265, 0.22005335986614227, 0.24511146545410156, 0.2042934000492096, 0.21560047566890717, 0.1560937911272049, 0.1859930157661438, 0.13747721910476685, 0.17715536057949066, 0.15752682089805603, 0.18277572095394135, 0.17331789433956146, 0.19950266182422638, 0.2248457670211792, 0.14523324370384216, 0.17915162444114685, 0.18526537716388702, 0.13789011538028717, 0.11999838054180145, 0.14660784602165222, 0.12433639913797379, 0.13889703154563904, 0.17081795632839203, 0.16890239715576172, 0.10000442713499069, 0.11033826321363449, 0.11476434767246246, 0.10605425387620926, 0.084093376994133, 0.10193092375993729, 0.11135772615671158, 0.08109606057405472, 0.12097761780023575, 0.16835349798202515, 0.12950709462165833, 0.10261969268321991, 0.1030728816986084, 0.08606492727994919, 0.09636113792657852, 0.15604282915592194, 0.10087370127439499, 0.07992345839738846, 0.10400470346212387, 0.0864487960934639, 0.09778599441051483, 0.08243934065103531, 0.0744161456823349, 0.08570078760385513, 0.0802173838019371, 0.08267606049776077, 0.07513725757598877, 0.07483332604169846, 0.08365388214588165, 0.11275920271873474, 0.11360503733158112], "train_accs": [[0.2569950934889272, 0.7519820571667014], [0.29890947313099464, 0.7981663073463616], [0.32799579997374984, 0.8406182627442799], [0.36765676567656763, 0.8727136796717435], [0.41874917360835645, 0.8966722303359065], [0.41297740187656934, 0.9021373762663143], [0.4951545311681509, 0.9465192294318103], [0.5355350066050198, 0.9582377077682732], [0.5677097028661583, 0.9642186522011267], [0.605256310174343, 0.9724772237290493], [0.5967170059093894, 0.970054709414192], [0.6625958165519034, 0.9772179335605164]], "dev_accs": [[0.18538565629228687, 0.7426969132823094], [0.21380243572395127, 0.7876071617366522], [0.21515561569688768, 0.8162908823461813], [0.2584573748308525, 0.8311154014112023], [0.2625169147496617, 0.8460548392286653], [0.2625169147496617, 0.8493185317980187], [0.2828146143437077, 0.8780022524075478], [0.35047361299052776, 0.892321128961824], [0.38024357239512857, 0.8971707003148773], [0.4181326116373478, 0.9008251166425337], [0.44113667117726657, 0.9077662092900319], [0.469553450608931, 0.9141556919258085]], "test_accs": [[0.026365348399246705, 0.42408663903233523], [0.03248587570621469, 0.3938200989586952], [0.04990583804143126, 0.3832912643092575], [0.03436911487758945, 0.461331233741673], [0.04143126177024482, 0.4317208160618762], [0.01977401129943503, 0.4590077885587693], [0.0428436911487759, 0.4602042470416599], [0.03766478342749529, 0.4713506086500089], [0.027306967984934087, 0.47182147295617877], [0.05508474576271186, 0.46274382666018266], [0.035781544256120526, 0.46598584319446695], [0.0428436911487759, 0.5149402928621603]]}