{"loss_data": [2.3822031021118164, 1.8297927379608154, 1.6030492782592773, 1.2738656997680664, 1.0227211713790894, 0.7963107228279114, 0.6611724495887756, 0.551616370677948, 0.39819762110710144, 0.349621444940567, 0.3374362885951996, 0.2564402222633362, 0.2187841683626175, 0.16655457019805908, 0.16967062652111053, 0.13885684311389923, 0.12177029252052307, 0.08863701671361923, 0.09020292013883591, 0.08782299607992172], "train_accs": [0.9656612133605998, 0.9986366734832992], "dev_accs": [0.8629856850715747, 0.9989775051124744], "test_accs": [0.0002595380223202699, 0.0003893070334804049]}