{"loss_data": [3.3420159816741943, 2.7466368675231934, 2.537142038345337, 2.31551456451416, 2.0468273162841797, 1.7771759033203125, 1.5659544467926025, 1.3217127323150635, 1.1780661344528198, 1.001471757888794, 1.0026310682296753, 0.8689551949501038, 0.7417141795158386, 0.6783600449562073, 0.5823252201080322, 0.5068960189819336, 0.4551709294319153, 0.3808334767818451, 0.3446705937385559, 0.28677448630332947], "train_accs": [0.1496250852079073, 0.9943762781186094], "dev_accs": [0.022494887525562373, 0.9802317655078391], "test_accs": [0.007007526602647288, 0.42888658188424605]}