{"loss_data": [3.2651760578155518, 2.8429861068725586, 2.571010112762451, 2.3234455585479736, 2.0209896564483643, 1.7848786115646362, 1.5756845474243164, 1.385263442993164, 1.163449764251709, 0.9913625121116638, 0.9924271702766418, 0.8166465759277344, 0.7075948119163513, 0.6152881979942322, 0.5093598961830139, 0.4583437442779541, 0.41067180037498474, 0.34334924817085266, 0.28627556562423706, 0.2761451303958893], "train_accs": [0.5449897750511248, 1.0], "dev_accs": [0.41956373551465576, 1.0], "test_accs": [0.2219050090838308, 0.8224759927329354]}