{"loss_data": [2.855752468109131, 1.862097978591919, 1.6391630172729492, 1.3758310079574585, 0.9881783127784729, 0.7061131596565247, 0.5471779108047485, 0.41395339369773865, 0.35574644804000854, 0.25020211935043335, 0.2599363625049591, 0.1948472261428833, 0.185908243060112, 0.15764641761779785, 0.11170152574777603, 0.11269508302211761, 0.10406342148780823, 0.09058917313814163, 0.059420980513095856, 0.0725361630320549], "train_accs": [0.9849182004089979, 0.9996591683708248], "dev_accs": [0.8905930470347648, 1.0], "test_accs": [0.0011679211004412147, 0.037892551258759406]}