{"loss_data": [2.6062912940979004, 1.8292633295059204, 1.5716416835784912, 1.2481510639190674, 0.9377225637435913, 0.7367554306983948, 0.5596557855606079, 0.5157984495162964, 0.4393636882305145, 0.3532474935054779, 0.34886300563812256, 0.26744601130485535, 0.20354822278022766, 0.19185039401054382, 0.15704941749572754, 0.136222243309021, 0.13368986546993256, 0.10757346451282501, 0.09679629653692245, 0.08729258924722672], "train_accs": [0.9631049761417859, 1.0], "dev_accs": [0.8738922972051807, 1.0], "test_accs": [0.004412146379444588, 0.02556449519854659]}