{"loss_data": [3.50049090385437, 2.757328510284424, 2.541430950164795, 2.355715274810791, 2.1465630531311035, 1.8935691118240356, 1.6345235109329224, 1.4467675685882568, 1.24568510055542, 1.0583934783935547, 0.9903342723846436, 0.9040875434875488, 0.7884944677352905, 0.6875169277191162, 0.6153349876403809, 0.5144335031509399, 0.4603022038936615, 0.39525941014289856, 0.33568787574768066, 0.29778140783309937], "train_accs": [0.22716428084526244, 1.0], "dev_accs": [0.12883435582822086, 1.0], "test_accs": [0.0023358422008824295, 0.4656112120425642]}