{"loss_data": [2.5624332427978516, 2.116568088531494, 1.902313470840454, 1.4993594884872437, 1.1116576194763184, 0.8150328993797302, 0.602093517780304, 0.47566333413124084, 0.3619849383831024, 0.29654473066329956, 0.2976210117340088, 0.2325250208377838, 0.19090524315834045, 0.1618628203868866, 0.14821115136146545, 0.12849251925945282, 0.11853787302970886, 0.10123401135206223, 0.07634080946445465, 0.07809080183506012], "train_accs": [0.9817655078391274, 1.0], "dev_accs": [0.9004771642808452, 0.912747102931152], "test_accs": [0.0002595380223202699, 0.007396833636127692]}