{"loss_data": [3.3205971717834473, 2.888206720352173, 2.5277321338653564, 2.1612284183502197, 1.8624458312988281, 1.592678427696228, 1.4016754627227783, 1.1674875020980835, 1.0112392902374268, 0.8926888704299927, 0.8864793181419373, 0.7672205567359924, 0.6555798053741455, 0.5832630395889282, 0.5338857769966125, 0.4764423966407776, 0.4138301908969879, 0.36304330825805664, 0.3478761315345764, 0.28755301237106323], "train_accs": [0.4377130197682345, 1.0], "dev_accs": [0.3012951601908657, 1.0], "test_accs": [0.017129509473137815, 0.5386711653257202]}