{"loss_data": [2.9721744060516357, 1.860990047454834, 1.8858627080917358, 1.578473448753357, 1.0383342504501343, 0.9267951846122742, 0.8660300374031067, 0.8364987373352051, 0.7626201510429382, 0.7463791370391846, 0.7882134914398193, 0.8299681544303894, 0.6784727573394775, 0.668097198009491, 0.641019880771637, 0.6691092848777771, 0.6325187087059021, 0.6236860156059265, 0.6342741250991821, 0.5392233729362488, 0.5197465419769287, 0.5135078430175781, 0.49561405181884766, 0.4999234974384308, 0.441783607006073, 0.4747428297996521, 0.4406419098377228, 0.4212697744369507, 0.403506875038147, 0.3291427791118622, 0.3749750256538391, 0.47847414016723633, 0.401790976524353, 0.42096176743507385, 0.31227579712867737, 0.31711503863334656, 0.38551613688468933, 0.29426389932632446, 0.3871843218803406, 0.3254667818546295, 0.335270494222641, 0.3588174879550934, 0.31737077236175537, 0.31092149019241333, 0.31145012378692627, 0.3525446057319641, 0.3250602185726166, 0.32474038004875183, 0.3160094618797302, 0.2676067054271698, 0.3114577531814575, 0.27556145191192627, 0.2918933033943176, 0.265450119972229, 0.3156476318836212, 0.2702767848968506, 0.24397312104701996, 0.2777814269065857, 0.2983560562133789, 0.2389751374721527, 0.2463240772485733, 0.24706275761127472, 0.22973458468914032, 0.24704094231128693, 0.21335303783416748, 0.23331096768379211, 0.22228124737739563, 0.25072625279426575, 0.22658592462539673, 0.22286885976791382, 0.22606126964092255, 0.23794902861118317, 0.21076130867004395, 0.2097761034965515, 0.2104344516992569, 0.22312331199645996, 0.23259493708610535, 0.2213750034570694, 0.21044237911701202, 0.1727643460035324, 0.2497556507587433, 0.16776125133037567, 0.16060757637023926, 0.15004950761795044, 0.18949325382709503, 0.15612907707691193, 0.13517676293849945, 0.14059047400951385, 0.11033084243535995, 0.12185565382242203, 0.1464470624923706, 0.14469102025032043, 0.1358788162469864, 0.1306210458278656, 0.11230402439832687, 0.10493757575750351, 0.12922236323356628, 0.11378993093967438, 0.0702625960111618, 0.11624202877283096, 0.06413952261209488, 0.0750979334115982, 0.0664646252989769, 0.1434183120727539, 0.07642634958028793, 0.10954209417104721, 0.07107823342084885, 0.09376810491085052, 0.08513212949037552, 0.05659069865942001, 0.07452353090047836, 0.09942387044429779, 0.0842074528336525, 0.0729200541973114, 0.06149217486381531, 0.06324147433042526, 0.049792300909757614, 0.049162253737449646, 0.060086216777563095, 0.060470208525657654], "train_accs": [[0.27277549396631745, 0.7421007487771518], [0.29181447904348967, 0.7951178802420196], [0.3234020212626329, 0.8421019078749101], [0.3563036303630363, 0.864941929202309], [0.3571334126669311, 0.8808621369126272], [0.40795559666975023, 0.9022301040869787], [0.4114719748559455, 0.9177098546491411], [0.4431968295904888, 0.9316480051927579], [0.5361556665790166, 0.9583014581449799], [0.6617226125422847, 0.9769339546097318], [0.7305318450426789, 0.9842478614646359], [0.621540860075354, 0.9744303034517932]], "dev_accs": [[0.19215155615696888, 0.723022822864235], [0.21380243572395127, 0.7829644441379945], [0.21380243572395127, 0.8103610747201728], [0.20568335588633288, 0.832126686432692], [0.2652232746955345, 0.8328161989473443], [0.2719891745602165, 0.857110023213588], [0.2855209742895805, 0.8764393573743363], [0.27604871447902574, 0.8701877772414902], [0.3870094722598105, 0.8951711140223861], [0.435723951285521, 0.8948263577650601], [0.516914749661705, 0.9083408030522421], [0.496617050067659, 0.8980900503344136]], "test_accs": [[0.1012241054613936, 0.5532655597495928], [0.026836158192090395, 0.572092412909401], [0.019303201506591337, 0.5652224254915129], [0.014595103578154425, 0.5867509590965581], [0.06261770244821092, 0.6260025164223576], [0.026836158192090395, 0.6150491319886684], [0.04048964218455744, 0.620429335618183], [0.03248587570621469, 0.6115137901489012], [0.03154425612052731, 0.6280171981258057], [0.046139359698681735, 0.6170483755181437], [0.06450094161958568, 0.6408540397841743], [0.06073446327683616, 0.6136596963311179]]}