{"loss_data": [2.4580330848693848, 1.8403061628341675, 1.5097532272338867, 1.1043763160705566, 0.8599618077278137, 0.811122715473175, 0.7890626192092896, 0.7538793683052063, 0.6953544616699219, 0.6640751957893372, 0.707203209400177, 0.7305273413658142, 0.5720407962799072, 0.556381344795227, 0.5474271178245544, 0.5662009716033936, 0.5613110661506653, 0.5209490060806274, 0.5101889967918396, 0.4696436822414398, 0.4977268874645233, 0.478335440158844, 0.47058865427970886, 0.4353425204753876, 0.4159192442893982, 0.4431418776512146, 0.39716842770576477, 0.43092814087867737, 0.3977948725223541, 0.32206863164901733, 0.3447057008743286, 0.38061127066612244, 0.3488115668296814, 0.3860962688922882, 0.3188375234603882, 0.29520806670188904, 0.35811537504196167, 0.3040250241756439, 0.35166609287261963, 0.2879844903945923, 0.2876582443714142, 0.3045051395893097, 0.2766464948654175, 0.2909787893295288, 0.2765279710292816, 0.3313254117965698, 0.28655877709388733, 0.3196951746940613, 0.25912055373191833, 0.2295553982257843, 0.29265257716178894, 0.20474906265735626, 0.2304345816373825, 0.23409691452980042, 0.2674254775047302, 0.2356366366147995, 0.20115315914154053, 0.25145164132118225, 0.25696542859077454, 0.20493127405643463, 0.22059693932533264, 0.23460176587104797, 0.2048409879207611, 0.1904284805059433, 0.19128157198429108, 0.2045087218284607, 0.20142978429794312, 0.19662673771381378, 0.1603711098432541, 0.17424970865249634, 0.18134820461273193, 0.1572929322719574, 0.19295448064804077, 0.20227088034152985, 0.14231958985328674, 0.1313607394695282, 0.21625787019729614, 0.1828954517841339, 0.13141611218452454, 0.1183856725692749, 0.1723070591688156, 0.1448829621076584, 0.12969845533370972, 0.130461648106575, 0.11824595183134079, 0.1043536514043808, 0.11605678498744965, 0.09298399835824966, 0.12685418128967285, 0.09431058168411255, 0.11212189495563507, 0.08145778626203537, 0.0744810402393341, 0.07707974314689636, 0.08600182086229324, 0.10672663897275925, 0.07634182274341583, 0.0948643758893013, 0.08096177875995636, 0.10134853422641754, 0.06682508438825607, 0.11145205050706863, 0.08824530988931656, 0.07988052815198898, 0.12396399676799774, 0.06807050853967667, 0.09672681987285614, 0.0819932296872139, 0.051562197506427765, 0.06321392953395844, 0.06331907957792282, 0.04774579405784607, 0.047482699155807495, 0.04502818360924721, 0.06158023700118065, 0.061205048114061356, 0.05319593846797943, 0.041242294013500214, 0.04336133599281311, 0.06462142616510391], "train_accs": [[0.2637581222649516, 0.760460857268702], [0.2978583628958087, 0.8063727194751605], [0.35096469352933457, 0.8548867561490137], [0.36066006600660067, 0.8804854301411781], [0.40645246595266427, 0.8990773581843893], [0.41469538786837584, 0.9123200500730232], [0.5024882137244631, 0.9422711361476227], [0.5295904887714663, 0.9556876927000023], [0.5971601367341572, 0.9695562973781209], [0.6943793911007026, 0.9805967035259754], [0.6917925147734734, 0.9803185200639822], [0.8079771339482915, 0.989429028444259]], "dev_accs": [[0.10554803788903924, 0.7435702958008688], [0.17185385656292287, 0.80406352708635], [0.2503382949932341, 0.8527201268703027], [0.28416779431664413, 0.8728538922981453], [0.3044654939106901, 0.8900227539129835], [0.3234100135317997, 0.8994690753637179], [0.3423545331529093, 0.9219241995908892], [0.35453315290933696, 0.9409777287457768], [0.4884979702300406, 0.9589740053781977], [0.5358592692828146, 0.9600082741501759], [0.5520974289580515, 0.9632030154680641], [0.6075778078484438, 0.9649727642556712]], "test_accs": [[0.02919020715630885, 0.4549321106299547], [0.0696798493408663, 0.5001736794571938], [0.07344632768361582, 0.46518305814788224], [0.07862523540489642, 0.5539371203174088], [0.07909604519774012, 0.548572354861867], [0.0856873822975518, 0.5354421878980155], [0.0748587570621469, 0.5842190985650217], [0.09322033898305085, 0.5518992813530016], [0.11770244821092278, 0.5509266763927163], [0.09463276836158192, 0.5770480667546642], [0.08757062146892655, 0.5860099267458645], [0.0852165725047081, 0.6000509459741101]]}