{"loss_data": [3.2883427143096924, 2.8642523288726807, 2.648453950881958, 2.342839002609253, 2.0120742321014404, 1.702158808708191, 1.5206127166748047, 1.3404635190963745, 1.1487730741500854, 1.0179363489151, 0.9799250960350037, 0.8733619451522827, 0.7253186106681824, 0.6584396958351135, 0.5601454377174377, 0.4991416335105896, 0.4104979336261749, 0.3824322521686554, 0.3299110233783722, 0.2996715307235718], "train_accs": [0.14809134287661896, 1.0], "dev_accs": [0.06680299931833675, 0.940013633265167], "test_accs": [0.0006488450558006748, 0.4360238774980535]}