{"loss_data": [2.4495391845703125, 1.8478481769561768, 1.5357874631881714, 1.2182354927062988, 0.9387661814689636, 0.7533548474311829, 0.609980583190918, 0.49481770396232605, 0.4022867977619171, 0.36615779995918274, 0.3269645571708679, 0.24561916291713715, 0.20263780653476715, 0.16369745135307312, 0.14097116887569427, 0.1299084573984146, 0.13570213317871094, 0.10269691050052643, 0.0895119309425354, 0.06857194751501083], "train_accs": [0.8753408316291752, 0.8984321745057942], "dev_accs": [0.8289025221540559, 0.9062713019768235], "test_accs": [0.0, 0.0]}