{"loss_data": [3.3482935428619385, 2.8759548664093018, 2.660137414932251, 2.3305253982543945, 1.9818521738052368, 1.6756515502929688, 1.4609168767929077, 1.2464488744735718, 1.084916114807129, 0.8809443116188049, 0.8849489688873291, 0.7764958739280701, 0.7023833394050598, 0.5854304432868958, 0.5153887271881104, 0.4324361979961395, 0.4141795337200165, 0.3361455798149109, 0.3065634071826935, 0.27941349148750305], "train_accs": [0.5470347648261759, 1.0], "dev_accs": [0.5439672801635992, 1.0], "test_accs": [0.15818842460420451, 0.44445886322346223]}