{"loss_data": [3.2153429985046387, 2.736236810684204, 2.455425262451172, 2.0928685665130615, 1.7974934577941895, 1.5702931880950928, 1.3413747549057007, 1.1551909446716309, 1.029811143875122, 0.8492375016212463, 0.863215446472168, 0.7598053812980652, 0.6653598546981812, 0.550847053527832, 0.488362580537796, 0.4716161787509918, 0.3809422552585602, 0.34231287240982056, 0.28985920548439026, 0.2622883915901184], "train_accs": [0.4464042263122018, 1.0], "dev_accs": [0.19359236537150648, 0.9669393319700068], "test_accs": [0.0, 0.20659226576693485]}