{"loss_data": [3.4517276287078857, 2.8922815322875977, 2.773733615875244, 2.585994243621826, 2.281528949737549, 1.9691603183746338, 1.7357723712921143, 1.4685100317001343, 1.2881946563720703, 1.088924765586853, 1.0721782445907593, 0.945392906665802, 0.8113070130348206, 0.683723509311676, 0.593875527381897, 0.520659863948822, 0.466780424118042, 0.4256707727909088, 0.4021335542201996, 0.312148779630661], "train_accs": [0.13684389911383776, 0.9983810497614178], "dev_accs": [0.02419904567143831, 0.8609406952965235], "test_accs": [0.0, 0.005580067479885803]}