{"loss_data": [3.0558345317840576, 1.8096213340759277, 1.7373746633529663, 1.5670760869979858, 1.343874454498291, 1.0555709600448608, 0.8264673352241516, 0.6580409407615662, 0.5699782967567444, 0.4214863181114197, 0.39264819025993347, 0.36658942699432373, 0.2781843841075897, 0.23219196498394012, 0.2029608190059662, 0.15681937336921692, 0.14539191126823425, 0.11902758479118347, 0.10647231340408325, 0.09549695998430252], "train_accs": [0.7746250852079073, 1.0], "dev_accs": [0.7515337423312883, 0.994546693933197], "test_accs": [0.018686737607059436, 0.05489229172073709]}