{"loss_data": [3.6475722789764404, 2.9012210369110107, 2.655812978744507, 2.3615691661834717, 2.058370590209961, 1.7732045650482178, 1.5590208768844604, 1.327875018119812, 1.1031019687652588, 0.9743767976760864, 0.9059913158416748, 0.8255824446678162, 0.6829801797866821, 0.5919857025146484, 0.5364037156105042, 0.478848934173584, 0.444654643535614, 0.35781601071357727, 0.30860257148742676, 0.28331875801086426], "train_accs": [0.4047375596455351, 1.0], "dev_accs": [0.15098841172460806, 0.99079754601227], "test_accs": [0.0, 0.443290942123021]}