{"loss_data": [2.512707233428955, 1.731265902519226, 1.4757657051086426, 1.2247308492660522, 0.9078055620193481, 0.7406472563743591, 0.5918717980384827, 0.4572586417198181, 0.4045394957065582, 0.3077525794506073, 0.2954889237880707, 0.2613027095794678, 0.21381749212741852, 0.20126692950725555, 0.16988010704517365, 0.14583751559257507, 0.12183883786201477, 0.10791561752557755, 0.10270246118307114, 0.09000477939844131], "train_accs": [0.880453306066803, 1.0], "dev_accs": [0.8367416496250852, 0.912747102931152], "test_accs": [0.0002595380223202699, 0.0028549182455229693]}