{"loss_data": [3.152089834213257, 2.761029005050659, 2.5447514057159424, 2.2889208793640137, 1.9833705425262451, 1.7738542556762695, 1.4992523193359375, 1.296463966369629, 1.09860098361969, 0.9427030086517334, 0.9250278472900391, 0.7918941974639893, 0.6752657890319824, 0.6073336601257324, 0.5369256138801575, 0.4274100363254547, 0.39783501625061035, 0.33949461579322815, 0.3128396272659302, 0.2751549184322357], "train_accs": [0.2091002044989775, 1.0], "dev_accs": [0.11554192229038855, 0.9570552147239264], "test_accs": [0.03283155982351414, 0.1781728523228653]}