{"loss_data": [3.4432601928710938, 2.8845298290252686, 2.8191590309143066, 2.707406520843506, 2.464493989944458, 2.128070116043091, 1.8401269912719727, 1.6015681028366089, 1.3781616687774658, 1.1759560108184814, 1.1292742490768433, 0.994198203086853, 0.8826200366020203, 0.7550556063652039, 0.6520664095878601, 0.5654523372650146, 0.5178866386413574, 0.45055460929870605, 0.41096046566963196, 0.35066938400268555], "train_accs": [0.0043456032719836404, 1.0], "dev_accs": [0.002044989775051125, 1.0], "test_accs": [0.0, 0.3812613547884765]}