{"loss_data": [2.939405918121338, 1.9524232149124146, 1.8401414155960083, 1.6026861667633057, 1.2955162525177002, 0.9869363307952881, 0.7503054141998291, 0.5981029272079468, 0.47127601504325867, 0.3782648742198944, 0.33994781970977783, 0.2680312693119049, 0.21688635647296906, 0.18802739679813385, 0.16233789920806885, 0.15708813071250916, 0.12612515687942505, 0.09873936325311661, 0.11059937626123428, 0.07342399656772614], "train_accs": [0.9944614860259032, 1.0], "dev_accs": [0.907293796864349, 1.0], "test_accs": [0.0, 0.005450298468725669]}