{"loss_data": [3.553006172180176, 2.8789594173431396, 2.7385990619659424, 2.5819458961486816, 2.3531954288482666, 2.0499868392944336, 1.7915908098220825, 1.5436151027679443, 1.3252382278442383, 1.1729868650436401, 1.0992262363433838, 0.9820175766944885, 0.8586597442626953, 0.7473205924034119, 0.6582356691360474, 0.5621809363365173, 0.5179892778396606, 0.4495130181312561, 0.3892158269882202, 0.362749844789505], "train_accs": [0.08605998636673483, 1.0], "dev_accs": [0.07021131561008861, 0.9993183367416496], "test_accs": [0.0, 0.002076304178562159]}