{"loss_data": [3.280120611190796, 2.794562816619873, 2.615790605545044, 2.3833439350128174, 2.0430188179016113, 1.767943263053894, 1.5344995260238647, 1.3152031898498535, 1.1257600784301758, 0.9411143660545349, 0.9424976706504822, 0.8219345808029175, 0.6791528463363647, 0.6046483516693115, 0.5481364130973816, 0.47954076528549194, 0.38054898381233215, 0.3437941372394562, 0.3183165192604065, 0.2560276389122009], "train_accs": [0.36545671438309474, 1.0], "dev_accs": [0.3336741649625085, 1.0], "test_accs": [0.0, 0.4078640020763042]}