{"loss_data": [2.184044361114502, 1.7638201713562012, 1.4014710187911987, 1.09543776512146, 0.884081244468689, 0.6967242360115051, 0.586403489112854, 0.48501142859458923, 0.3471567928791046, 0.3329383432865143, 0.3073257505893707, 0.2234937995672226, 0.1982717514038086, 0.16730442643165588, 0.16290390491485596, 0.1326533555984497, 0.11510290205478668, 0.09329468756914139, 0.08993988484144211, 0.07287821918725967], "train_accs": [0.8170586230402181, 1.0], "dev_accs": [0.6952965235173824, 1.0], "test_accs": [0.0009083830781209447, 0.004412146379444588]}