{"loss_data": [2.4303314685821533, 1.8838114738464355, 1.8643673658370972, 1.7026501893997192, 1.0380383729934692, 0.9112544655799866, 0.8084316253662109, 0.8009108304977417, 0.7439918518066406, 0.7303242087364197, 0.740270733833313, 0.6733078956604004, 0.5789188742637634, 0.6655279994010925, 0.5322084426879883, 0.542720377445221, 0.5882085561752319, 0.5623929500579834, 0.5548250079154968, 0.5155555605888367, 0.5153414607048035, 0.4073036313056946, 0.5273991823196411, 0.5042264461517334, 0.4639624059200287, 0.42070910334587097, 0.4240421950817108, 0.407672643661499, 0.45247843861579895, 0.4114995300769806, 0.36746302247047424, 0.4200083911418915, 0.37567827105522156, 0.4448153078556061, 0.34845560789108276, 0.3703666031360626, 0.3099824786186218, 0.3225722312927246, 0.2756098508834839, 0.3056114614009857, 0.3189845383167267, 0.28999751806259155, 0.2808991074562073, 0.27357640862464905, 0.36460137367248535, 0.287092924118042, 0.33178117871284485, 0.2629897892475128, 0.30328574776649475, 0.2529934048652649, 0.24865932762622833, 0.2747054398059845, 0.25300487875938416, 0.2031746208667755, 0.23981690406799316, 0.3253406882286072, 0.24076683819293976, 0.24087032675743103, 0.2138039916753769, 0.16807469725608826, 0.21698394417762756, 0.20335954427719116, 0.18299148976802826, 0.19771385192871094, 0.1644877940416336, 0.18676641583442688, 0.1767483949661255, 0.15354286134243011, 0.1411779373884201, 0.17081604897975922, 0.12094005942344666, 0.1481543481349945, 0.1318356990814209, 0.13285121321678162, 0.1612841784954071, 0.0871431827545166, 0.10208654403686523, 0.08872750401496887, 0.11033594608306885, 0.1074071079492569, 0.13122960925102234, 0.13269323110580444, 0.08263780176639557, 0.11889054626226425, 0.10353981703519821, 0.09872125089168549, 0.1035064309835434, 0.1266399621963501, 0.14329132437705994, 0.11812006682157516, 0.09781662374734879, 0.07861703634262085, 0.0706215500831604, 0.06517568230628967, 0.08034071326255798, 0.07354781031608582, 0.06500445306301117, 0.06171269342303276, 0.04172518849372864, 0.07414963841438293, 0.08375418186187744, 0.07428527623414993, 0.06887336075305939, 0.06942771375179291, 0.06206817179918289, 0.0529576800763607, 0.06363455951213837, 0.06183123216032982, 0.07913526147603989, 0.08349551260471344, 0.08862733840942383, 0.05778069794178009, 0.037013813853263855, 0.09813635051250458, 0.0723068043589592, 0.06035604327917099, 0.03645383566617966, 0.030650602653622627, 0.04345805570483208, 0.08399787545204163], "train_accs": [[0.27812911725955203, 0.7558012842803162], [0.3132262697480089, 0.8132056007603681], [0.334553058024046, 0.8459617034100656], [0.37922926192031353, 0.8754375594037601], [0.4420612084750196, 0.9058580800704732], [0.44577528967582347, 0.9322101676055359], [0.5210206240084612, 0.9557456475879176], [0.5766161213088588, 0.9695215244453718], [0.6026803310997241, 0.9708834643113801], [0.6619662625197681, 0.9767832719011521], [0.7277719665271967, 0.9839117231147275], [0.8286768581971534, 0.9910807427498435]], "dev_accs": [[0.2029769959404601, 0.744834402077731], [0.2422192151556157, 0.7858144291985566], [0.21921515561569688, 0.8105679284745685], [0.2327469553450609, 0.8161989473442276], [0.2638700947225981, 0.852168516858581], [0.3017591339648173, 0.875451056103335], [0.33558863328822736, 0.8936541864901515], [0.4519621109607578, 0.9038589717070031], [0.42760487144790255, 0.9101565193408261], [0.4952638700947226, 0.9217862970879588], [0.4479025710419486, 0.9057206554965639], [0.5615696887686062, 0.9141556919258085]], "test_accs": [[0.06073446327683616, 0.5738986792642167], [0.05367231638418079, 0.5562142509783943], [0.06685499058380415, 0.5712201560799388], [0.04519774011299435, 0.5807300712471729], [0.06261770244821092, 0.6070058433488487], [0.0635593220338983, 0.6131733938509754], [0.0480225988700565, 0.5950721348678878], [0.05273069679849341, 0.6403677373040316], [0.0800376647834275, 0.6569020216288818], [0.1167608286252354, 0.6621046862577095], [0.07250470809792843, 0.6419810264841874], [0.09745762711864407, 0.658623378026847]]}