{"loss_data": [2.671835422515869, 1.852628469467163, 1.5148818492889404, 1.1346845626831055, 0.8998333215713501, 0.8366201519966125, 0.8309398293495178, 0.8112926483154297, 0.7482876181602478, 0.7920749187469482, 0.7636328935623169, 0.7259697318077087, 0.6124561429023743, 0.6777379512786865, 0.5981273055076599, 0.5878319144248962, 0.615641176700592, 0.5627714991569519, 0.6158198118209839, 0.578314483165741, 0.5433339476585388, 0.44681575894355774, 0.5649062395095825, 0.5431622862815857, 0.4886407256126404, 0.4656358063220978, 0.4811120927333832, 0.4488765001296997, 0.46608439087867737, 0.4559842646121979, 0.4121054708957672, 0.42254212498664856, 0.43544676899909973, 0.5114206671714783, 0.39972811937332153, 0.46397557854652405, 0.39875683188438416, 0.3779563307762146, 0.3688395619392395, 0.39012080430984497, 0.3797820806503296, 0.34323573112487793, 0.31071698665618896, 0.3125983476638794, 0.4288535714149475, 0.33151760697364807, 0.3328850269317627, 0.3545832335948944, 0.36612173914909363, 0.3047184944152832, 0.3000202178955078, 0.3025485873222351, 0.30433082580566406, 0.30852508544921875, 0.28521305322647095, 0.37159496545791626, 0.30703163146972656, 0.3025197982788086, 0.2778191864490509, 0.2109707146883011, 0.25086358189582825, 0.2863211929798126, 0.22891081869602203, 0.26925453543663025, 0.2189142405986786, 0.22457808256149292, 0.33040666580200195, 0.23373794555664062, 0.21928265690803528, 0.2030901163816452, 0.20701512694358826, 0.26100024580955505, 0.18492287397384644, 0.21064867079257965, 0.24971745908260345, 0.19867900013923645, 0.20176085829734802, 0.19410362839698792, 0.2070174664258957, 0.21732482314109802, 0.23611706495285034, 0.16906525194644928, 0.2102603167295456, 0.2000642865896225, 0.17809318006038666, 0.18855097889900208, 0.16772158443927765, 0.13537345826625824, 0.16444885730743408, 0.16166020929813385, 0.1656104177236557, 0.13185356557369232, 0.19290673732757568, 0.13363297283649445, 0.14541150629520416, 0.19255279004573822, 0.1579991728067398, 0.17025016248226166, 0.19689792394638062, 0.12712383270263672, 0.15490679442882538, 0.14660461246967316, 0.11567289382219315, 0.1314556896686554, 0.13840189576148987, 0.08604439347982407, 0.12031860649585724, 0.1019025668501854, 0.08727455884218216, 0.13802020251750946, 0.15494869649410248, 0.08178775012493134, 0.09232386946678162, 0.07089168578386307, 0.11272641271352768, 0.09017028659582138, 0.06754910200834274, 0.07367812842130661, 0.13791018724441528, 0.1004958301782608], "train_accs": [[0.2787878787878788, 0.7413357442566706], [0.30369499934717326, 0.8009307554999189], [0.31076842655514897, 0.8155353872545611], [0.33755715218811233, 0.8494505876625634], [0.37274391838869997, 0.8802709970558917], [0.40059888035412056, 0.8965852980040336], [0.4566367001586462, 0.9198889584347544], [0.4647512636339452, 0.9364292834457658], [0.5032190250952568, 0.9474059392169135], [0.5470479704797048, 0.9599415814729815], [0.5729602510460251, 0.9654588868025129], [0.7236425935687928, 0.9836799035630666]], "dev_accs": [[0.20568335588633288, 0.7295502080029419], [0.19891745602165087, 0.7849640304304857], [0.2381596752368065, 0.805488519616631], [0.19215155615696888, 0.8358500540118137], [0.2638700947225981, 0.8704635822473511], [0.2719891745602165, 0.8792663586844102], [0.2922868741542625, 0.9040658254613988], [0.2638700947225981, 0.9114436093681767], [0.3301759133964817, 0.9176722057505343], [0.38971583220568334, 0.9224068583511458], [0.43843031123139375, 0.9405180537360086], [0.5087956698240866, 0.9387253211979131]], "test_accs": [[0.02024482109227872, 0.4566843433758655], [0.043785310734463276, 0.42582343360427327], [0.0423728813559322, 0.48492848265907107], [0.06308851224105462, 0.4641641386656786], [0.06261770244821092, 0.5039328748195664], [0.06779661016949153, 0.535612007811716], [0.04896421845574388, 0.5202433056218111], [0.047080979284369114, 0.4979583014920995], [0.052259887005649715, 0.49720183096743314], [0.043785310734463276, 0.5551490169742723], [0.05037664783427495, 0.5186917691375464], [0.03295668549905838, 0.49458506047904655]]}