{"loss_data": [3.2130126953125, 1.8452376127243042, 1.5757046937942505, 1.2876430749893188, 0.9557866454124451, 0.8701506853103638, 0.8805559277534485, 0.8283340334892273, 0.7832898497581482, 0.7794610261917114, 0.7845546007156372, 0.8271605968475342, 0.6635557413101196, 0.638373613357544, 0.6058217883110046, 0.5658708810806274, 0.5644904375076294, 0.5632021427154541, 0.5521451234817505, 0.5393596291542053, 0.4841252565383911, 0.47911617159843445, 0.49055835604667664, 0.4385720491409302, 0.4126816391944885, 0.46188509464263916, 0.43198421597480774, 0.4600425958633423, 0.39663705229759216, 0.3294844329357147, 0.37288790941238403, 0.3674440383911133, 0.3790926933288574, 0.4366559386253357, 0.3213900625705719, 0.305643767118454, 0.4083119332790375, 0.3337705731391907, 0.4635900557041168, 0.30547034740448, 0.3400430977344513, 0.32421258091926575, 0.27446773648262024, 0.2810414731502533, 0.2866535782814026, 0.32094696164131165, 0.25255194306373596, 0.36431363224983215, 0.300385057926178, 0.2677973210811615, 0.3088519275188446, 0.25947606563568115, 0.24749867618083954, 0.27962034940719604, 0.2892100512981415, 0.24160750210285187, 0.22705519199371338, 0.2722557485103607, 0.2057926505804062, 0.2240488976240158, 0.23191621899604797, 0.23331280052661896, 0.23799315094947815, 0.17536909878253937, 0.18649329245090485, 0.17859502136707306, 0.20264723896980286, 0.1793050765991211, 0.19596174359321594, 0.20935775339603424, 0.17249543964862823, 0.147456556558609, 0.15159913897514343, 0.14939098060131073, 0.13086280226707458, 0.14599686861038208, 0.1857667714357376, 0.16006654500961304, 0.13941487669944763, 0.10678446292877197, 0.17418108880519867, 0.12468466907739639, 0.10103125870227814, 0.13429062068462372, 0.12421590834856033, 0.11478392779827118, 0.10355373471975327, 0.11870790272951126, 0.11630375683307648, 0.08314431458711624, 0.10595664381980896, 0.08638153225183487, 0.11430154740810394, 0.0924135148525238, 0.07115502655506134, 0.10777795314788818, 0.09466694295406342, 0.07519352436065674, 0.07632038742303848, 0.06249832361936569, 0.058158595114946365, 0.06944308429956436, 0.07986551523208618, 0.0971086174249649, 0.062058545649051666, 0.09361140429973602, 0.07168275862932205, 0.10830582678318024, 0.0812242403626442, 0.07565888017416, 0.11444829404354095, 0.055402722209692, 0.07019351422786713, 0.06534190475940704, 0.07283391803503036, 0.08394782990217209, 0.05797971412539482, 0.06194598972797394, 0.04398442432284355, 0.09656301140785217], "train_accs": [[0.2666755072271582, 0.7440422375223126], [0.3012744711601629, 0.7999165449614021], [0.3375771098569366, 0.8469295500382502], [0.35485148514851483, 0.8728237939587825], [0.37366124553748514, 0.8927370934464612], [0.425531914893617, 0.9286923059090804], [0.45180722891566266, 0.9456267241579155], [0.5373844121532365, 0.9629552356445743], [0.5891401525111754, 0.968287085332777], [0.782591725214676, 0.9879627697800032], [0.6674983585029547, 0.9783132809421147], [0.7309341301805898, 0.9834133110786564]], "dev_accs": [[0.2368064952638701, 0.735571950630904], [0.26116373477672533, 0.7852858029373233], [0.2354533152909337, 0.8230940724907491], [0.2895805142083897, 0.831896848927808], [0.2679296346414073, 0.8484911167804362], [0.2746955345060893, 0.8751292835964973], [0.3193504736129905, 0.8864602725872808], [0.42625169147496617, 0.9163621319726953], [0.44519621109607577, 0.905329931738261], [0.5453315290933695, 0.9321749523087177], [0.476319350473613, 0.9291410972442483], [0.5182679296346414, 0.931393504792112]], "test_accs": [[0.05790960451977401, 0.37937768720715714], [0.05367231638418079, 0.4775027209781627], [0.059322033898305086, 0.5503014303468186], [0.0696798493408663, 0.5696917768566334], [0.0795668549905838, 0.6206223127928429], [0.0800376647834275, 0.6151263228585323], [0.09227871939736347, 0.629977846220349], [0.07862523540489642, 0.629445229218288], [0.0739171374764595, 0.6287659495634856], [0.10310734463276836, 0.647160533852056], [0.05743879472693032, 0.6098233100988815], [0.05555555555555555, 0.6299701271333626]]}