{"loss_data": [3.0405406951904297, 2.2007079124450684, 1.9635671377182007, 1.7535520792007446, 1.488507628440857, 1.1970306634902954, 0.9416852593421936, 0.7630580067634583, 0.5454013347625732, 0.4550769627094269, 0.4554566740989685, 0.3522682785987854, 0.29396331310272217, 0.2421294003725052, 0.207024484872818, 0.17661747336387634, 0.1804380863904953, 0.14631904661655426, 0.14270827174186707, 0.1251486837863922], "train_accs": [0.7094410361281527, 0.8945978186775733], "dev_accs": [0.7147239263803681, 0.9032038173142468], "test_accs": [0.0, 0.0]}