{"loss_data": [2.370192289352417, 1.8478811979293823, 1.5617543458938599, 1.181302547454834, 1.0112965106964111, 0.7788490653038025, 0.6302676200866699, 0.47749820351600647, 0.36803382635116577, 0.3378761410713196, 0.3337635397911072, 0.26807621121406555, 0.18001048266887665, 0.1662527322769165, 0.13764221966266632, 0.10297118872404099, 0.09090015292167664, 0.08584009110927582, 0.09567046910524368, 0.06209566816687584], "train_accs": [0.9770790729379687, 0.9997443762781186], "dev_accs": [0.967280163599182, 0.9965916837082481], "test_accs": [0.00012976901116013495, 0.0003893070334804049]}