{"loss_data": [3.5625176429748535, 3.207049608230591, 3.104691743850708, 2.883328676223755, 2.59179425239563, 2.294306755065918, 1.9686697721481323, 1.7468984127044678, 1.5502382516860962, 1.3558080196380615, 1.309422254562378, 1.1408307552337646, 0.9882933497428894, 0.865977942943573, 0.7192836999893188, 0.6355324387550354, 0.5857901573181152, 0.5100477933883667, 0.4097992181777954, 0.4268657863140106], "train_accs": [0.1248295841854124, 1.0], "dev_accs": [0.05214723926380368, 0.9055896387184731], "test_accs": [0.0, 0.04632753698416818]}