{"loss_data": [3.3521738052368164, 3.065596342086792, 2.8550851345062256, 2.5535287857055664, 2.2825727462768555, 1.9844461679458618, 1.759281039237976, 1.5545960664749146, 1.3490208387374878, 1.178919792175293, 1.158092975616455, 1.0138038396835327, 0.8584675192832947, 0.7843640446662903, 0.7086490988731384, 0.6417087316513062, 0.5453848838806152, 0.4949969947338104, 0.44988399744033813, 0.3960728943347931], "train_accs": [0.25553851397409677, 1.0], "dev_accs": [0.21506475800954328, 0.9993183367416496], "test_accs": [0.05022060731897223, 0.5888917726446925]}