{"loss_data": [2.432269811630249, 1.8987390995025635, 1.606598973274231, 1.2266817092895508, 1.0148640871047974, 0.8377760648727417, 0.6794697046279907, 0.5247993469238281, 0.41359782218933105, 0.31783416867256165, 0.352222204208374, 0.24090588092803955, 0.18923285603523254, 0.16427570581436157, 0.1409837007522583, 0.1292431503534317, 0.09951875358819962, 0.1019938588142395, 0.09064800292253494, 0.07706097513437271], "train_accs": [0.9983810497614178, 1.0], "dev_accs": [0.9055896387184731, 1.0], "test_accs": [0.0003893070334804049, 0.035297171035556706]}