{"loss_data": [3.5511393547058105, 3.110452175140381, 2.967174768447876, 2.7429754734039307, 2.4798824787139893, 2.192145824432373, 1.9309996366500854, 1.7656574249267578, 1.5341875553131104, 1.3469793796539307, 1.298840880393982, 1.1421962976455688, 1.0244925022125244, 0.8686639070510864, 0.7770950794219971, 0.6710283160209656, 0.5954384803771973, 0.567966639995575, 0.4668310582637787, 0.4057144224643707], "train_accs": [0.261758691206544, 1.0], "dev_accs": [0.17177914110429449, 0.9413769597818678], "test_accs": [0.03802232026991954, 0.5552815987542175]}