{"loss_data": [2.5083768367767334, 1.7683236598968506, 1.551365852355957, 1.2211859226226807, 1.113168716430664, 0.8325904607772827, 0.6790523529052734, 0.4940944314002991, 0.4203340411186218, 0.3337801396846771, 0.30481764674186707, 0.2711535096168518, 0.2046542465686798, 0.17551641166210175, 0.1582213044166565, 0.11986054480075836, 0.11179755628108978, 0.08988302201032639, 0.09479916840791702, 0.09051547199487686], "train_accs": [0.9579072937968643, 1.0], "dev_accs": [0.9495569188820723, 1.0], "test_accs": [0.0048014534129249935, 0.06488450558006748]}