{"loss_data": [2.7266225814819336, 1.8833861351013184, 1.6465773582458496, 1.341321349143982, 1.0956413745880127, 0.9233608841896057, 0.7079471945762634, 0.5979446768760681, 0.47926151752471924, 0.40248802304267883, 0.3962273895740509, 0.33082035183906555, 0.2582324147224426, 0.20227396488189697, 0.1848769634962082, 0.17346516251564026, 0.13656878471374512, 0.13841985166072845, 0.10544653981924057, 0.09452808648347855], "train_accs": [0.9178595773687799, 0.9944614860259032], "dev_accs": [0.9021813224267212, 0.9952283571915473], "test_accs": [0.02322865299766416, 0.030365948611471582]}