{"loss_data": [2.907191276550293, 1.958128809928894, 1.7675682306289673, 1.5885976552963257, 1.3117361068725586, 1.0844167470932007, 0.8259028792381287, 0.6415969729423523, 0.5298040509223938, 0.3909882605075836, 0.38594484329223633, 0.30725598335266113, 0.2552056908607483, 0.20626264810562134, 0.1803300529718399, 0.15318475663661957, 0.1224507987499237, 0.11472348123788834, 0.11230921745300293, 0.10027361661195755], "train_accs": [0.9256134969325154, 0.9996591683708248], "dev_accs": [0.7801635991820041, 0.9955691888207225], "test_accs": [0.00012976901116013495, 0.023877498053464834]}