{"loss_data": [3.6332569122314453, 3.1683881282806396, 2.9855706691741943, 2.7276384830474854, 2.4995205402374268, 2.260152816772461, 2.0165038108825684, 1.825410008430481, 1.5798799991607666, 1.393498420715332, 1.3436223268508911, 1.1590852737426758, 1.0158047676086426, 0.8838710188865662, 0.7653976082801819, 0.6353200674057007, 0.573387861251831, 0.5387797951698303, 0.4767135977745056, 0.41648852825164795], "train_accs": [0.02880027266530334, 0.9971881390593047], "dev_accs": [0.005794137695978187, 0.9904567143830948], "test_accs": [0.0, 0.006358681546846613]}