{"loss_data": [3.5109007358551025, 3.174544095993042, 2.9837474822998047, 2.7243492603302, 2.4431262016296387, 2.1369969844818115, 1.8921353816986084, 1.650449275970459, 1.4525271654129028, 1.325340747833252, 1.260063886642456, 1.1357169151306152, 0.9453939199447632, 0.8270972371101379, 0.7368416786193848, 0.6705739498138428, 0.5674734115600586, 0.5158096551895142, 0.44542497396469116, 0.4147208333015442], "train_accs": [0.10514655760054534, 0.9004771642808452], "dev_accs": [0.09884117246080436, 0.9062713019768235], "test_accs": [0.0, 0.206722034778095]}