{"loss_data": [3.6062355041503906, 3.176826000213623, 3.0049238204956055, 2.791201591491699, 2.561098337173462, 2.2976341247558594, 2.0101635456085205, 1.7852108478546143, 1.58499014377594, 1.385773777961731, 1.3544286489486694, 1.1564321517944336, 0.968866229057312, 0.9229839444160461, 0.7798715233802795, 0.6650672554969788, 0.5773777365684509, 0.543367326259613, 0.4789263606071472, 0.4169689118862152], "train_accs": [0.1305385139740968, 1.0], "dev_accs": [0.022494887525562373, 0.6100886162235856], "test_accs": [0.0, 0.23176745393200104]}