{"loss_data": [2.7331790924072266, 1.948491096496582, 1.7615827322006226, 1.5329086780548096, 1.1723026037216187, 0.9465135335922241, 0.7262526154518127, 0.5799717903137207, 0.49116986989974976, 0.4242015480995178, 0.4381242096424103, 0.3362486660480499, 0.3193284571170807, 0.2509401738643646, 0.22532449662685394, 0.1637134552001953, 0.14480672776699066, 0.17353639006614685, 0.12017634510993958, 0.10517089068889618], "train_accs": [0.9874744376278118, 0.9981254260395365], "dev_accs": [0.8830947511929107, 0.9989775051124744], "test_accs": [0.0, 0.0010381520892810796]}