{"loss_data": [2.6105258464813232, 2.082585334777832, 1.7392833232879639, 1.395593523979187, 1.1285399198532104, 0.8818472623825073, 0.7052586674690247, 0.5512345433235168, 0.46493393182754517, 0.3851500153541565, 0.37039437890052795, 0.2884575426578522, 0.22154076397418976, 0.19219441711902618, 0.16451390087604523, 0.1383897215127945, 0.1259167492389679, 0.10839323699474335, 0.0804777666926384, 0.09163162857294083], "train_accs": [0.918200408997955, 1.0], "dev_accs": [0.9103612815269257, 1.0], "test_accs": [0.013755515182974305, 0.08863223462237217]}