{"loss_data": [3.6066248416900635, 3.09753680229187, 2.8151350021362305, 2.5447094440460205, 2.2995123863220215, 2.0268659591674805, 1.791627287864685, 1.6130532026290894, 1.3931999206542969, 1.2338504791259766, 1.2032496929168701, 1.0634931325912476, 0.9280889630317688, 0.8019671440124512, 0.7496122717857361, 0.6318715214729309, 0.5909328460693359, 0.4692937135696411, 0.42894676327705383, 0.43155109882354736], "train_accs": [0.26013974096796183, 1.0], "dev_accs": [0.14042263122017723, 1.0], "test_accs": [0.0, 0.07851025175188166]}