{"loss_data": [3.489089012145996, 3.155456781387329, 2.8649673461914062, 2.515958309173584, 2.176832437515259, 1.888169765472412, 1.6545755863189697, 1.442522644996643, 1.276608943939209, 1.1377663612365723, 1.0976852178573608, 0.9716714024543762, 0.8693361878395081, 0.7679129242897034, 0.6637889742851257, 0.5822225213050842, 0.5315685272216797, 0.4817371964454651, 0.39654412865638733, 0.397530198097229], "train_accs": [0.35429447852760737, 1.0], "dev_accs": [0.20245398773006135, 1.0], "test_accs": [0.05022060731897223, 0.4104593822995069]}