{"loss_data": [3.6074600219726562, 3.2106757164001465, 2.978712320327759, 2.7775144577026367, 2.55721378326416, 2.2462925910949707, 1.9527490139007568, 1.7255340814590454, 1.4609215259552002, 1.3351962566375732, 1.2868787050247192, 1.1117905378341675, 0.9365197420120239, 0.8515102863311768, 0.7528707385063171, 0.7007636427879333, 0.6103056073188782, 0.5167205929756165, 0.45277756452560425, 0.39476487040519714], "train_accs": [0.053254942058623043, 0.9929277436946149], "dev_accs": [0.03237900477164281, 0.8885480572597138], "test_accs": [0.0, 0.4300545029846873]}