{"loss_data": [2.865666627883911, 1.9663482904434204, 1.8630051612854004, 1.4726299047470093, 1.1022098064422607, 0.8836557865142822, 0.6647068858146667, 0.5204629898071289, 0.38551145792007446, 0.3356059789657593, 0.33443135023117065, 0.2736136019229889, 0.210201695561409, 0.20534223318099976, 0.15806743502616882, 0.14165258407592773, 0.13684405386447906, 0.11543222516775131, 0.11362891644239426, 0.0937192291021347], "train_accs": [0.8657123381049762, 1.0], "dev_accs": [0.8609406952965235, 1.0], "test_accs": [0.0, 0.0011679211004412147]}