{"loss_data": [2.408372402191162, 1.8317737579345703, 1.5634064674377441, 1.3095635175704956, 1.0910594463348389, 0.8905771374702454, 0.6365905404090881, 0.4826430678367615, 0.3736397624015808, 0.28339558839797974, 0.273879736661911, 0.20861543715000153, 0.17538200318813324, 0.14856106042861938, 0.13300447165966034, 0.10161969810724258, 0.0895167663693428, 0.08610346913337708, 0.07247325032949448, 0.06530854105949402], "train_accs": [0.8952794819359237, 1.0], "dev_accs": [0.9052488070892979, 1.0], "test_accs": [0.0028549182455229693, 0.028678951466389827]}