{"loss_data": [3.5124258995056152, 3.0893685817718506, 2.8933794498443604, 2.601116180419922, 2.2812728881835938, 1.9781852960586548, 1.7032341957092285, 1.5090038776397705, 1.3744168281555176, 1.1713589429855347, 1.1759179830551147, 1.0243113040924072, 0.8979062438011169, 0.7781540155410767, 0.6890959739685059, 0.5790632367134094, 0.5573253035545349, 0.496795117855072, 0.43524643778800964, 0.3852459490299225], "train_accs": [0.34696659850034084, 1.0], "dev_accs": [0.1383776414451261, 0.9969325153374233], "test_accs": [0.0, 0.3359719698935894]}