{"loss_data": [2.583033561706543, 1.907380223274231, 1.6733859777450562, 1.358262538909912, 1.1396719217300415, 0.8360514640808105, 0.660616397857666, 0.485104501247406, 0.3720742464065552, 0.29455333948135376, 0.29273149371147156, 0.21017000079154968, 0.16843514144420624, 0.13648729026317596, 0.12191671878099442, 0.1115044578909874, 0.09526129812002182, 0.09893293678760529, 0.07442755997180939, 0.05268397182226181], "train_accs": [0.9884969325153374, 1.0], "dev_accs": [0.9754601226993865, 1.0], "test_accs": [0.0319231767453932, 0.03581624708019725]}