{"loss_data": [2.9029440879821777, 1.8691829442977905, 1.8454906940460205, 1.6420485973358154, 1.0892361402511597, 0.9801045656204224, 0.8704181909561157, 0.6278511881828308, 0.7781480550765991, 0.7140938639640808, 0.6791788339614868, 0.6778830885887146, 0.7363537549972534, 0.6433094143867493, 0.7127764821052551, 0.6255031824111938, 0.5758141279220581, 0.5426517128944397, 0.5244850516319275, 0.5402793884277344, 0.5041857361793518, 0.5461916327476501, 0.5156574845314026, 0.50351482629776, 0.5093766450881958, 0.45339640974998474, 0.4276149272918701, 0.4212665259838104, 0.367861270904541, 0.4077674150466919, 0.41901272535324097, 0.3500320017337799, 0.3910880982875824, 0.364654004573822, 0.38332614302635193, 0.2955728769302368, 0.3628801703453064, 0.29759547114372253, 0.3100891709327698, 0.33878353238105774, 0.2853448987007141, 0.27912259101867676, 0.29785019159317017, 0.29674163460731506, 0.34034740924835205, 0.2991790473461151, 0.33238455653190613, 0.25125250220298767, 0.2651439309120178, 0.2234431505203247, 0.23960019648075104, 0.22994013130664825, 0.19623680412769318, 0.209086611866951, 0.20811642706394196, 0.2132304310798645, 0.20562785863876343, 0.16274142265319824, 0.19724775850772858, 0.18603909015655518, 0.1899668276309967, 0.21289443969726562, 0.18294429779052734, 0.1913907527923584, 0.16470016539096832, 0.17014755308628082, 0.19300530850887299, 0.17988842725753784, 0.1464182436466217, 0.1794237643480301, 0.1567421406507492, 0.11410442739725113, 0.15156570076942444, 0.11341027170419693, 0.10751784592866898, 0.10341768711805344, 0.11502410471439362, 0.11634131520986557, 0.09664400666952133, 0.10550586134195328, 0.12072191387414932, 0.09175179153680801, 0.07850207388401031, 0.08006758987903595, 0.07935560494661331, 0.07276702672243118, 0.08975014090538025, 0.0942053571343422, 0.094953753054142, 0.09205717593431473, 0.09129681438207626, 0.07736626267433167, 0.0660359337925911, 0.0691700354218483, 0.053517576307058334, 0.0413835272192955, 0.06574732810258865, 0.04332588240504265, 0.06378542631864548, 0.11710790544748306, 0.08195769786834717, 0.0934172123670578, 0.0988689586520195, 0.05386190861463547, 0.0501272939145565, 0.04216906055808067, 0.07399435341358185, 0.06942112743854523, 0.03590461611747742, 0.03311414644122124, 0.08979327976703644, 0.056201424449682236, 0.051135655492544174, 0.03681459277868271, 0.03462352231144905, 0.04213361069560051, 0.04271804541349411, 0.04870912432670593, 0.06225581094622612, 0.04377007484436035], "train_accs": [[0.2811758502504614, 0.7484062405823307], [0.31181102362204727, 0.8066972668474859], [0.3603322949117342, 0.8542898208034866], [0.40934065934065933, 0.8918445881725665], [0.45272467160879176, 0.9113058395345064], [0.46423944026949987, 0.9278345735679348], [0.5528996865203761, 0.9648039965690707], [0.5958859523499545, 0.968762315413682], [0.5755053507728894, 0.970871873333797], [0.6538912788423934, 0.9777453230405453], [0.7855182329107306, 0.9878584509817558], [0.8375521920668059, 0.9917298374944943]], "dev_accs": [[0.18267929634641408, 0.7132317451561746], [0.20027063599458728, 0.7799535728240135], [0.2408660351826793, 0.8350456227447195], [0.2598105548037889, 0.877841366154129], [0.2922868741542625, 0.8832195637684157], [0.3234100135317997, 0.8838401250316027], [0.40054127198917455, 0.9207750120664691], [0.5223274695534507, 0.9450228688317359], [0.5656292286874154, 0.9499873589372314], [0.5859269282814614, 0.9380817761842377], [0.631935047361299, 0.9539865315222138], [0.6955345060893099, 0.9581695741111035]], "test_accs": [[0.0423728813559322, 0.48814734193239623], [0.05696798493408663, 0.4672517734602351], [0.05273069679849341, 0.48329203621795613], [0.054613935969868174, 0.47957915537750195], [0.07580037664783427, 0.5097607854942917], [0.06591337099811675, 0.5416174574871284], [0.0743879472693032, 0.5316598352746837], [0.0692090395480226, 0.468965410771214], [0.0852165725047081, 0.5000733313263707], [0.11252354048964218, 0.529930759789732], [0.08286252354048965, 0.5193015770094713], [0.07297551789077213, 0.5222579873252592]]}